Category,SubCategory,Noun,Description
People & Characters,Historical Figures,Albert Einstein,Legendary physicist known for the theory of relativity and E=mc2.
People & Characters,Historical Figures,Cleopatra,The last active ruler of the Ptolemaic Kingdom of Egypt.
People & Characters,Historical Figures,Napoleon,French military leader and emperor who conquered much of Europe.
People & Characters,Historical Figures,Amelia Earhart,Pioneering aviator who mysteriously disappeared while flying across the globe.
People & Characters,Historical Figures,Gandhi,Leader of Indian independence known for nonviolent civil disobedience.
People & Characters,Historical Figures,Joan of Arc,French heroine and saint who led armies during the Hundred Years' War.
People & Characters,Historical Figures,Leonardo da Vinci,Renaissance polymath who painted the Mona Lisa and designed inventions.
People & Characters,Historical Figures,Marie Curie,Physicist and chemist who conducted pioneering research on radioactivity.
People & Characters,Historical Figures,George Washington,First U.S. President and commander of the Continental Army.
People & Characters,Historical Figures,Harriet Tubman,Abolitionist who led enslaved people to freedom via the Underground Railroad.
People & Characters,Historical Figures,Genghis Khan,"Founder of the Mongol Empire, the largest contiguous empire ever."
People & Characters,Historical Figures,Winston Churchill,British Prime Minister who led the UK during World War II.
People & Characters,Historical Figures,Nefertiti,Egyptian queen known for her beauty and powerful political role.
People & Characters,Historical Figures,Abraham Lincoln,16th U.S. President who preserved the Union and abolished slavery.
People & Characters,Historical Figures,Rosa Parks,Civil rights activist famous for her pivotal role in the Montgomery bus boycott.
People & Characters,Historical Figures,Aristotle,"Ancient Greek philosopher and scientist, student of Plato and teacher of Alexander."
People & Characters,Historical Figures,Queen Elizabeth I,Powerful Tudor monarch who presided over England's Golden Age.
People & Characters,Historical Figures,Martin Luther King Jr.,Civil rights leader famous for his 'I Have a Dream' speech.
People & Characters,Historical Figures,Marco Polo,Venetian merchant traveler who documented his travels to Central Asia.
People & Characters,Historical Figures,Catherine the Great,Empress of Russia who expanded the empire and modernized its culture.
,,,
People & Characters,Fictional Icons,Sherlock Holmes,Brilliantly logical detective famous for solving crimes in London.
People & Characters,Fictional Icons,Harry Potter,The Boy Who Lived and hero of Hogwarts wizarding school.
People & Characters,Fictional Icons,Wonder Woman,Amazonian princess and superhero fighting for justice and peace.
People & Characters,Fictional Icons,Darth Vader,Iconic Star Wars villain and fallen Jedi Knight.
People & Characters,Fictional Icons,Alice in Wonderland,Curious girl who falls down a rabbit hole into a dreamworld.
People & Characters,Fictional Icons,Batman,Caped Crusader of Gotham City who fights crime with gadgets.
People & Characters,Fictional Icons,Mickey Mouse,"The cheerful, long-running face of the Disney empire."
People & Characters,Fictional Icons,Katniss Everdeen,Skilled archer and symbol of rebellion in The Hunger Games.
People & Characters,Fictional Icons,Dracula,Legendary vampire count from Transylvania who fears garlic and sunlight.
People & Characters,Fictional Icons,Hermione Granger,Highly intelligent and loyal witch from the Harry Potter series.
People & Characters,Fictional Icons,Frodo Baggins,Brave hobbit who carried the One Ring to Mount Doom.
People & Characters,Fictional Icons,Mary Poppins,Magical nanny who is practically perfect in every way.
People & Characters,Fictional Icons,James Bond,Suave British secret agent also known by his code number 007.
People & Characters,Fictional Icons,Elsa,Queen of Arendelle with powerful magical ice and snow abilities.
People & Characters,Fictional Icons,Spider-Man,Web-slinging hero who fights crime after being bitten by a spider.
People & Characters,Fictional Icons,Robin Hood,Heroic outlaw who steals from the rich to give to the poor.
People & Characters,Fictional Icons,Winnie the Pooh,Gentle bear from the Hundred Acre Wood who loves honey.
People & Characters,Fictional Icons,Cinderella,Kind-hearted girl who goes from rags to riches with magic.
People & Characters,Fictional Icons,Captain Kirk,Bold commander of the starship USS Enterprise in Star Trek.
People & Characters,Fictional Icons,Pikachu,"The yellow, electric-powered mascot of the Pokémon franchise."
,,,
People & Characters,Modern Celebrities,Taylor Swift,Global pop superstar known for her songwriting and Eras Tour.
People & Characters,Modern Celebrities,Tom Hanks,Beloved American actor famous for roles in Forrest Gump and Toy Story.
People & Characters,Modern Celebrities,Beyoncé,Multi-platinum singer and performer often referred to as Queen Bey.
People & Characters,Modern Celebrities,"Dwayne ""The Rock"" Johnson",Former pro wrestler turned massive Hollywood action movie star.
People & Characters,Modern Celebrities,Zendaya,Acclaimed actress and fashion icon known for Euphoria and Dune.
People & Characters,Modern Celebrities,Keanu Reeves,Actor known for the Matrix and John Wick series and his kindness.
People & Characters,Modern Celebrities,Oprah Winfrey,"Media mogul, talk show host, and influential philanthropist."
People & Characters,Modern Celebrities,Lionel Messi,Argentine soccer legend widely considered one of the greatest ever.
People & Characters,Modern Celebrities,Serena Williams,Dominant tennis champion with twenty-three Grand Slam singles titles.
People & Characters,Modern Celebrities,Ryan Reynolds,Actor famous for his wit and playing the superhero Deadpool.
People & Characters,Modern Celebrities,Rihanna,Barbadian singer and entrepreneur behind the Fenty Beauty brand.
People & Characters,Modern Celebrities,Lady Gaga,Versatile pop singer and actress known for her theatrical style.
People & Characters,Modern Celebrities,Elon Musk,"Tech billionaire behind companies like Tesla, SpaceX, and X."
People & Characters,Modern Celebrities,Gordon Ramsay,Hot-tempered British celebrity chef and television personality.
People & Characters,Modern Celebrities,Adele,Soulful British singer known for her powerful voice and ballads.
People & Characters,Modern Celebrities,Stephen Curry,Basketball star credited with revolutionizing the game with three-pointers.
People & Characters,Modern Celebrities,Dolly Parton,"Country music legend, songwriter, and beloved cultural icon."
People & Characters,Modern Celebrities,Bill Gates,Microsoft co-founder turned global philanthropist and public health advocate.
People & Characters,Modern Celebrities,Meryl Streep,Highly decorated actress known for her incredible range and accents.
People & Characters,Modern Celebrities,Jackie Chan,Martial arts master and actor famous for doing his own stunts.
,,,
People & Characters,Occupations,Astronaut,A person trained to travel and work in outer space.
People & Characters,Occupations,Librarian,A professional who manages collections of books and information.
People & Characters,Occupations,Firefighter,A rescuer extensively trained to extinguish hazardous fires.
People & Characters,Occupations,Surgeon,A medical doctor who performs operations on patients.
People & Characters,Occupations,Detective,An investigator who gathers clues to solve crimes.
People & Characters,Occupations,Blacksmith,A person who creates objects from wrought iron or steel.
People & Characters,Occupations,Pilot,A person who operates the flying controls of an aircraft.
People & Characters,Occupations,Chef,A professional cook who oversees a kitchen and menus.
People & Characters,Occupations,Archeologist,A scientist who studies history through excavating sites.
People & Characters,Occupations,Judge,A public officer appointed to decide cases in court.
People & Characters,Occupations,Ballerina,A female dancer who performs in technical ballet art.
People & Characters,Occupations,Journalist,A person who writes for newspapers or news websites.
People & Characters,Occupations,Architect,A person who designs buildings and supervises construction.
People & Characters,Occupations,Park Ranger,A person entrusted with protecting and preserving parklands.
People & Characters,Occupations,Plumber,A person who installs and repairs water system pipes.
People & Characters,Occupations,Sculptor,An artist who creates 3D forms from stone or metal.
People & Characters,Occupations,Midwife,A professional who assists women in childbirth and care.
People & Characters,Occupations,Software Engineer,A person who develops computer software using engineering.
People & Characters,Occupations,Farmer,A person who manages a farm and grows crops.
People & Characters,Occupations,Stunt Double,A person who replaces an actor for dangerous scenes.
,,,
People & Characters,Mythical Beings,Bigfoot,"A large, hairy creature said to inhabit North American forests."
People & Characters,Mythical Beings,Medusa,A gorgon with snakes for hair who turns people to stone.
People & Characters,Mythical Beings,Phoenix,A mythical bird that cyclically regenerates from its own ashes.
People & Characters,Mythical Beings,Leprechaun,A type of Irish fairy who hides pots of gold.
People & Characters,Mythical Beings,Zeus,The king of gods and the god of thunder.
People & Characters,Mythical Beings,Mermaid,A sea creature with a human torso and fish tail.
People & Characters,Mythical Beings,Centaur,A creature with a human upper body and horse lower body.
People & Characters,Mythical Beings,Dragon,"A large, serpent-like legendary creature that often breathes fire."
People & Characters,Mythical Beings,Pegasus,"A mythical winged horse, usually depicted as pure white."
People & Characters,Mythical Beings,Cupid,"The Roman god of desire, love, and attraction."
People & Characters,Mythical Beings,Banshee,A female spirit whose wailing warns of a death.
People & Characters,Mythical Beings,Minotaur,A creature with a bull's head and a man's body.
People & Characters,Mythical Beings,Sphinx,A mythical creature with a human head and lion body.
People & Characters,Mythical Beings,Thor,The hammer-wielding Norse god of lightning and strength.
People & Characters,Mythical Beings,Anubis,The ancient Egyptian god of the dead and mummification.
People & Characters,Mythical Beings,Kraken,A legendary sea monster of giant size and appearance.
People & Characters,Mythical Beings,Valkyrie,A female figure who chooses who dies in battle.
People & Characters,Mythical Beings,Cyclops,A member of a race of giants with one eye.
People & Characters,Mythical Beings,Gnome,A diminutive spirit often guarding mines or gardens.
People & Characters,Mythical Beings,Unicorn,A legendary creature described as a horse with one horn.
,,,
Food & Drink,Classic Snacks,Popcorn,Kernels of corn that puff up when heated with steam.
Food & Drink,Classic Snacks,Potato Chips,Thinly sliced potatoes that are deep fried until crunchy.
Food & Drink,Classic Snacks,Pretzels,Baked dough twisted into a knot and sprinkled with salt.
Food & Drink,Classic Snacks,Beef Jerky,"Lean meat that has been trimmed, salted, and dried."
Food & Drink,Classic Snacks,Gummy Bears,"Small, fruit-flavored gelatin candies shaped like stylized bears."
Food & Drink,Classic Snacks,Cheese Crackers,"Crunchy, baked snacks flavored with real or artificial cheese."
Food & Drink,Classic Snacks,Granola Bars,"Pressed bars made of oats, honey, and dried fruit."
Food & Drink,Classic Snacks,Trail Mix,"A blend of nuts, seeds, and chocolate for hiking."
Food & Drink,Classic Snacks,Sunflower Seeds,Small seeds harvested from the center of a large flower.
Food & Drink,Classic Snacks,Fruit Leather,"Flattened, dried fruit puree with a chewy, gummy texture."
Food & Drink,Classic Snacks,Nachos,Tortilla chips covered in melted cheese and various toppings.
Food & Drink,Classic Snacks,Pringles,Uniformly shaped potato crisps sold in a tall canister.
Food & Drink,Classic Snacks,Oreos,Chocolate sandwich cookies with a sweet cream filling inside.
Food & Drink,Classic Snacks,Pickles,Cucumbers that have been preserved in vinegar or brine.
Food & Drink,Classic Snacks,Rice Cakes,"Puffed rice pressed together into a circular, crunchy disk."
Food & Drink,Classic Snacks,String Cheese,"Mozzarella cheese pulled into long, snackable fibers or strings."
Food & Drink,Classic Snacks,Wasabi Peas,"Dried peas coated in a spicy, pungent green horseradish."
Food & Drink,Classic Snacks,Corn Nuts,Toasted or deep-fried kernels of large-sized Peruvian corn.
Food & Drink,Classic Snacks,Pop-Tarts,Toaster pastries with a sweet filling and frosted top.
Food & Drink,Classic Snacks,Goldfish Crackers,"Small, fish-shaped cheese crackers that ""smile back"" at you."
,,,
Food & Drink,Main Courses,Pepperoni Pizza,"Flatbread topped with tomato sauce, cheese, and spicy sausage."
Food & Drink,Main Courses,Spaghetti Bolognese,"Long pasta noodles served with a thick, meaty tomato sauce."
Food & Drink,Main Courses,Sushi,Japanese dish featuring vinegared rice and raw fish or vegetables.
Food & Drink,Main Courses,Tacos,Tortillas folded around fillings like seasoned meat and salsa.
Food & Drink,Main Courses,Roast Turkey,Large poultry bird typically served at festive holiday dinners.
Food & Drink,Main Courses,Cheeseburger,A beef patty topped with melted cheese on a bun.
Food & Drink,Main Courses,Pad Thai,"Stir-fried rice noodles with shrimp, peanuts, and lime."
Food & Drink,Main Courses,Lasagna,"Layers of wide pasta, ricotta cheese, and savory meat sauce."
Food & Drink,Main Courses,Fish and Chips,"Battered, fried fish served with thick-cut fried potatoes."
Food & Drink,Main Courses,Chicken Tikka Masala,"Roasted chicken chunks in a spicy, creamy orange sauce."
Food & Drink,Main Courses,Beef Stroganoff,Sautéed beef pieces served in a sauce with sour cream.
Food & Drink,Main Courses,Lobster Thermidor,"Cooked lobster meat in a creamy wine sauce, stuffed back."
Food & Drink,Main Courses,Dim Sum,Small Chinese dishes served in steaming bamboo baskets.
Food & Drink,Main Courses,Ramen,"Japanese noodle soup served in a rich, flavorful broth."
Food & Drink,Main Courses,Enchiladas,Corn tortillas rolled around filling and covered in chili sauce.
Food & Drink,Main Courses,Steak Frites,A classic dish of grilled steak served with French fries.
Food & Drink,Main Courses,Falafel Wrap,Deep-fried chickpea balls wrapped in pita with vegetables.
Food & Drink,Main Courses,Paella,"Spanish rice dish with saffron, vegetables, and various seafood."
Food & Drink,Main Courses,Peking Duck,"Famous Chinese dish featuring thin, crispy roasted duck skin."
Food & Drink,Main Courses,Chili Con Carne,"Spicy stew containing chili peppers, meat, and often beans."
,,,
Food & Drink,Sweets & Desserts,Cheesecake,"Rich dessert with a thick layer of soft, sweetened cheese."
Food & Drink,Sweets & Desserts,Apple Pie,Classic fruit pie with a flaky crust and cinnamon.
Food & Drink,Sweets & Desserts,Crème Brûlée,Rich custard topped with a layer of hardened caramelized sugar.
Food & Drink,Sweets & Desserts,Chocolate Truffles,Confections made with a chocolate ganache center and coating.
Food & Drink,Sweets & Desserts,Cotton Candy,Spun sugar that looks like fluffy clouds on a stick.
Food & Drink,Sweets & Desserts,Baklava,"Layered pastry dessert made of filo, nuts, and honey."
Food & Drink,Sweets & Desserts,Tiramisu,Coffee-flavored Italian dessert with ladyfingers and mascarpone cheese.
Food & Drink,Sweets & Desserts,Churros,Fried dough pastries dusted in sugar and often cinnamon.
Food & Drink,Sweets & Desserts,Macarons,Delicate French almond meringue cookies with a creamy filling.
Food & Drink,Sweets & Desserts,Banana Split,Ice cream dessert served with a sliced banana and toppings.
Food & Drink,Sweets & Desserts,Red Velvet Cake,Crimson-colored chocolate cake with a tangy cream cheese frosting.
Food & Drink,Sweets & Desserts,Gelato,Italian-style frozen dessert that is denser than ice cream.
Food & Drink,Sweets & Desserts,Brownies,"Square, baked chocolate treats with a fudgy or cakey texture."
Food & Drink,Sweets & Desserts,Marshmallows,"Soft, spongy sugar-based confections often roasted over a fire."
Food & Drink,Sweets & Desserts,Meringue,"Light, airy dessert made from whipped egg whites and sugar."
Food & Drink,Sweets & Desserts,Cannoli,Tube-shaped Italian pastry shells filled with sweet ricotta cream.
Food & Drink,Sweets & Desserts,Sorbet,Frozen dessert made from sweetened water and fruit puree.
Food & Drink,Sweets & Desserts,Fudge,A type of sugar candy made by mixing butter and milk.
Food & Drink,Sweets & Desserts,Eclairs,Oblong choux pastry filled with cream and topped with chocolate.
Food & Drink,Sweets & Desserts,Donut,Fried dough confection usually shaped like a ring or ball.
,,,
Food & Drink,Beverages,Espresso,"Highly concentrated coffee served in small, potent shots."
Food & Drink,Beverages,Lemonade,"Refreshing drink made from lemon juice, sugar, and water."
Food & Drink,Beverages,Root Beer,Sweet North American beverage flavored with sassafras root bark.
Food & Drink,Beverages,Green Tea,"Tea made from unoxidized leaves, known for health benefits."
Food & Drink,Beverages,Milkshake,"Cold, thick beverage made from blended milk and ice cream."
Food & Drink,Beverages,Champagne,"Sparkling wine from France, often used for celebratory toasts."
Food & Drink,Beverages,Coconut Water,"Clear liquid found inside young, green, tropical coconuts."
Food & Drink,Beverages,Hot Cocoa,"Warm, sweet drink made from cocoa powder and milk."
Food & Drink,Beverages,Kombucha,"Fermented, lightly effervescent sweetened black or green tea drink."
Food & Drink,Beverages,Tomato Juice,"Savory juice made from pressed tomatoes, used in cocktails."
Food & Drink,Beverages,Ginger Ale,Carbonated soft drink flavored with the pungent ginger root.
Food & Drink,Beverages,Iced Coffee,Chilled coffee beverage served over ice with milk or syrup.
Food & Drink,Beverages,Smoothie,Thick drink made from blended raw fruit and vegetables.
Food & Drink,Beverages,Chai Latte,Spiced black tea mixed with steamed milk and foam.
Food & Drink,Beverages,Sparkling Water,"Water containing dissolved carbon dioxide gas, making it bubbly."
Food & Drink,Beverages,Apple Cider,"Unfiltered, unsweetened beverage made from the pressing of apples."
Food & Drink,Beverages,Eggnog,"Rich, chilled dairy drink made with milk, cream, and eggs."
Food & Drink,Beverages,Peppermint Tea,Caffeine-free herbal infusion made from peppermint plant leaves.
Food & Drink,Beverages,Shirley Temple,Famous non-alcoholic cocktail made with ginger ale and grenadine.
Food & Drink,Beverages,Slushie,"Frozen, flavored icy drink typically served in a cup."
,,,
Food & Drink,Fruits & Vegetables,Avocado,Creamy green fruit often used in salads or as guacamole.
Food & Drink,Fruits & Vegetables,Dragon Fruit,Tropical fruit with vibrant pink skin and speckled white flesh.
Food & Drink,Fruits & Vegetables,Asparagus,"Long, green, spear-like vegetable often grilled or steamed."
Food & Drink,Fruits & Vegetables,Pomegranate,"Fruit containing hundreds of juicy, red, edible seeds called arils."
Food & Drink,Fruits & Vegetables,Broccoli,Edible green plant with a large flowering head and stalk.
Food & Drink,Fruits & Vegetables,Mango,"Sweet, tropical stone fruit with juicy orange-yellow flesh."
Food & Drink,Fruits & Vegetables,Brussels Sprouts,"Small, leafy green buds that look like miniature cabbages."
Food & Drink,Fruits & Vegetables,Kiwi,Small fruit with fuzzy brown skin and bright green interior.
Food & Drink,Fruits & Vegetables,Eggplant,"Large, purple-skinned vegetable commonly used in Mediterranean cooking."
Food & Drink,Fruits & Vegetables,Artichoke,Thistle-like plant where the heart and leaves are eaten.
Food & Drink,Fruits & Vegetables,Blueberries,"Small, round, indigo-colored berries that are sweet and tart."
Food & Drink,Fruits & Vegetables,Kale,Leafy green vegetable known for its high nutritional value.
Food & Drink,Fruits & Vegetables,Pineapple,"Large tropical fruit with a tough, spiky outer shell."
Food & Drink,Fruits & Vegetables,Jalapeño,Medium-sized chili pepper known for its moderate spicy heat.
Food & Drink,Fruits & Vegetables,Watermelon,"Large, refreshing summer fruit with red flesh and seeds."
Food & Drink,Fruits & Vegetables,Garlic,Pungent bulb used globally as a seasoning in cooking.
Food & Drink,Fruits & Vegetables,Pumpkin,"Large, orange squash commonly carved during Halloween festivities."
Food & Drink,Fruits & Vegetables,Starfruit,Tropical fruit that looks like a five-pointed star when sliced.
Food & Drink,Fruits & Vegetables,Spinach,Leafy green plant often eaten raw in salads or cooked.
Food & Drink,Fruits & Vegetables,Fig,"Sweet, teardrop-shaped fruit with a soft, chewy texture."
,,,
Places & Nature,World Landmarks,The Great Wall of China,Massive ancient stone fortification stretching across Northern China.
Places & Nature,World Landmarks,Eiffel Tower,Iconic iron lattice tower located on the Champ de Mars.
Places & Nature,World Landmarks,Machu Picchu,15th-century Inca citadel located in the Andes Mountains.
Places & Nature,World Landmarks,Grand Canyon,Steep-sided canyon carved by the Colorado River in Arizona.
Places & Nature,World Landmarks,Statue of Liberty,Colossal copper statue on Liberty Island in New York Harbor.
Places & Nature,World Landmarks,Colosseum,"Oval amphitheatre in Rome, the largest ever built."
Places & Nature,World Landmarks,Taj Mahal,Ivory-white marble mausoleum on the bank of the Yamuna.
Places & Nature,World Landmarks,Stonehenge,Prehistoric monument in England consisting of a ring of standing stones.
Places & Nature,World Landmarks,Mount Everest,"Earth's highest mountain above sea level, located in the Himalayas."
Places & Nature,World Landmarks,Great Pyramid of Giza,"Oldest and largest of the three pyramids in Giza, Egypt."
Places & Nature,World Landmarks,Sydney Opera House,"Multi-venue performing arts centre in Sydney, Australia."
Places & Nature,World Landmarks,Niagara Falls,Group of three massive waterfalls at the US-Canada border.
Places & Nature,World Landmarks,Mount Fuji,Active stratovolcano and highest mountain peak in Japan.
Places & Nature,World Landmarks,The Louvre,World's largest art museum and a historic monument in Paris.
Places & Nature,World Landmarks,Victoria Falls,Massive waterfall on the Zambezi River in southern Africa.
Places & Nature,World Landmarks,Golden Gate Bridge,Famous orange suspension bridge spanning the San Francisco Bay.
Places & Nature,World Landmarks,Petra,"Historic and archaeological city in southern Jordan, carved into rock."
Places & Nature,World Landmarks,The Parthenon,Former temple on the Athenian Acropolis dedicated to Athena.
Places & Nature,World Landmarks,Big Ben,Nickname for the Great Bell of the clock in London.
Places & Nature,World Landmarks,Amazon Rainforest,Moist broadleaf tropical rainforest covering much of South America.
,,,
Places & Nature,Geography & Habitats,Sahara Desert,"The largest hot desert in the world, covering North Africa."
Places & Nature,Geography & Habitats,Coral Reef,Underwater ecosystem characterized by reef-building corals.
Places & Nature,Geography & Habitats,Salt Flats,Flat expanse of ground covered with salt and other minerals.
Places & Nature,Geography & Habitats,Glacier,Persistent body of dense ice that is constantly moving.
Places & Nature,Geography & Habitats,Volcano,Rupture in the crust of a planetary-mass object.
Places & Nature,Geography & Habitats,Swamp,Forested wetland often found near large lakes or rivers.
Places & Nature,Geography & Habitats,Redwood Forest,Dense woodland featuring some of the world's tallest trees.
Places & Nature,Geography & Habitats,Cave,Natural underground space large enough for a human to enter.
Places & Nature,Geography & Habitats,Island,Any piece of sub-continental land that is surrounded by water.
Places & Nature,Geography & Habitats,Tundra,"Vast, flat, treeless Arctic region where the subsoil is frozen."
Places & Nature,Geography & Habitats,Valley,"Low area between hills or mountains, often with a river."
Places & Nature,Geography & Habitats,Savanna,Grassy plain in tropical and subtropical regions with few trees.
Places & Nature,Geography & Habitats,Fjord,"Long, narrow, deep inlet of the sea between high cliffs."
Places & Nature,Geography & Habitats,Canyon,"Deep gorge, typically one with a river flowing through it."
Places & Nature,Geography & Habitats,Peninsula,Piece of land almost surrounded by water or projecting out.
Places & Nature,Geography & Habitats,Meadow,Field of habitat with vegetation mainly consisting of grasses.
Places & Nature,Geography & Habitats,Oasis,Fertile spot in a desert where water is found.
Places & Nature,Geography & Habitats,Archipelago,Large group or chain of many islands in a sea.
Places & Nature,Geography & Habitats,Waterfall,Point in a river where water flows over a precipice.
Places & Nature,Geography & Habitats,Delta,Landform created by deposition of sediment at a river mouth.
,,,
Places & Nature,Rooms & Buildings,Attic,Space or room just below the roof of a house.
Places & Nature,Rooms & Buildings,Library,Building or room containing collections of books and periodicals.
Places & Nature,Rooms & Buildings,Treehouse,Structure built among the branches of a mature tree.
Places & Nature,Rooms & Buildings,Castle,"Large building, typically of the medieval period, fortified against attack."
Places & Nature,Rooms & Buildings,Greenhouse,Glass building in which plants are grown that need protection.
Places & Nature,Rooms & Buildings,Dungeon,"Strong underground prison cell, especially in a medieval castle."
Places & Nature,Rooms & Buildings,Skyscraper,Very tall continuously habitable building having many floors.
Places & Nature,Rooms & Buildings,Lighthouse,Tower with a bright light to guide ships at sea.
Places & Nature,Rooms & Buildings,Cathedral,"Principal church of a diocese, with which the bishop is associated."
Places & Nature,Rooms & Buildings,Observatory,Room or building with a telescope for observing the stars.
Places & Nature,Rooms & Buildings,Barn,Large farm building used for storing grain or housing livestock.
Places & Nature,Rooms & Buildings,Bungalow,"Low house, with a broad front porch, having no upper floor."
Places & Nature,Rooms & Buildings,Cinema,Theater where movies are shown for public entertainment.
Places & Nature,Rooms & Buildings,Museum,Building in which objects of interest are stored and exhibited.
Places & Nature,Rooms & Buildings,Penthouse,Expensive apartment on the top floor of a tall building.
Places & Nature,Rooms & Buildings,Laboratory,Room or building equipped for scientific experiments or research.
Places & Nature,Rooms & Buildings,Windmill,Structure that converts wind power into energy using vanes.
Places & Nature,Rooms & Buildings,Cabin,Small wooden shelter or house in a remote area.
Places & Nature,Rooms & Buildings,Stadium,Large building with tiers of seats for sporting events.
Places & Nature,Rooms & Buildings,Basement,The floor of a building which is partly or entirely underground.
,,,
Places & Nature,Astronomy & Space,The Moon,"Earth's only natural satellite, which reflects light from the sun."
Places & Nature,Astronomy & Space,Mars,"The fourth planet from the Sun, often called the Red Planet."
Places & Nature,Astronomy & Space,Black Hole,Region of spacetime where gravity is so strong nothing escapes.
Places & Nature,Astronomy & Space,Milky Way,The galaxy that contains our own Solar System.
Places & Nature,Astronomy & Space,Supernova,Powerful and luminous stellar explosion of a dying star.
Places & Nature,Astronomy & Space,Space Station,Large spacecraft in orbit where astronauts live and work.
Places & Nature,Astronomy & Space,Saturn’s Rings,Enormous system of ice and dust orbiting a gas giant.
Places & Nature,Astronomy & Space,Comet,"Icy, small Solar System body that displays a visible tail."
Places & Nature,Astronomy & Space,Asteroid Belt,Region between Mars and Jupiter with many irregular rocky bodies.
Places & Nature,Astronomy & Space,Hubble Telescope,Large space telescope that takes high-resolution images of space.
Places & Nature,Astronomy & Space,Solar Flare,Sudden flash of increased brightness on the Sun's surface.
Places & Nature,Astronomy & Space,Nebula,Enormous cloud of dust and gas occupying space between stars.
Places & Nature,Astronomy & Space,Pluto,"Dwarf planet in the Kuiper belt, formerly the ninth planet."
Places & Nature,Astronomy & Space,Shooting Star,Small piece of rock or dust hitting Earth's atmosphere.
Places & Nature,Astronomy & Space,Lunar Rover,Vehicle designed to move across the surface of the Moon.
Places & Nature,Astronomy & Space,Astronaut Helmet,Protective headgear worn by space travelers for breathing and safety.
Places & Nature,Astronomy & Space,Alien Spaceship,Hypothetical craft used by extraterrestrial beings for space travel.
Places & Nature,Astronomy & Space,Solar Eclipse,Event where the Moon passes between the Sun and Earth.
Places & Nature,Astronomy & Space,Satellite,Artificial body placed in orbit round the earth or moon.
Places & Nature,Astronomy & Space,The Big Dipper,Group of seven bright stars in the constellation Ursa Major.
,,,
Places & Nature,U.S. Locations,Hollywood,Neighborhood in Los Angeles famous as the center of film.
Places & Nature,U.S. Locations,Times Square,Major commercial intersection and tourist destination in Midtown Manhattan.
Places & Nature,U.S. Locations,Las Vegas Strip,Stretch of South Las Vegas Boulevard famous for its casinos.
Places & Nature,U.S. Locations,Yellowstone,National park famous for its geysers and grizzly bears.
Places & Nature,U.S. Locations,Disney World,Massive entertainment resort and theme park complex in Florida.
Places & Nature,U.S. Locations,The White House,Official residence and workplace of the President of the United States.
Places & Nature,U.S. Locations,French Quarter,Historic heart of New Orleans known for its nightlife.
Places & Nature,U.S. Locations,Alcatraz,Famous former federal prison located on an island in California.
Places & Nature,U.S. Locations,Key West,Island city in Florida known for its coral reefs.
Places & Nature,U.S. Locations,Mount Rushmore,Massive sculpture carved into South Dakota's Black Hills.
Places & Nature,U.S. Locations,Waikiki Beach,Famous beach and neighborhood on the south shore of Honolulu.
Places & Nature,U.S. Locations,Pike Place Market,Public market overlooking the Elliott Bay waterfront in Seattle.
Places & Nature,U.S. Locations,The Alamo,Historic Spanish mission and fortress compound in San Antonio.
Places & Nature,U.S. Locations,Route 66,Famous historic highway running from Chicago to Santa Monica.
Places & Nature,U.S. Locations,Central Park,Large urban park in the center of New York City.
Places & Nature,U.S. Locations,Harvard University,"Ivy League research university in Cambridge, Massachusetts."
Places & Nature,U.S. Locations,Kennedy Space Center,NASA's primary launch center for human spaceflight in Florida.
Places & Nature,U.S. Locations,Aspen,Colorado ski resort town known for high-end outdoor recreation.
Places & Nature,U.S. Locations,Death Valley,"Desert valley in Eastern California, the hottest place on Earth."
Places & Nature,U.S. Locations,Mall of America,"Enormous shopping mall located in Bloomington, Minnesota."
,,,
Objects & Technology,Household Items,Toaster,Kitchen appliance used to brown bread with radiant heat.
Objects & Technology,Household Items,Grandfather Clock,"Tall, pendulum-driven floor clock encased in wood."
Objects & Technology,Household Items,Bean Bag Chair,Large fabric bag filled with small polystyrene beads.
Objects & Technology,Household Items,Rotary Phone,Old-fashioned telephone with a finger-wheel for dialing.
Objects & Technology,Household Items,Blender,Electric kitchen tool used for liquidizing or mixing food.
Objects & Technology,Household Items,Vacuum Cleaner,Device that uses suction to remove dirt from floors.
Objects & Technology,Household Items,Umbrella,Folding canopy used for protection against rain or sun.
Objects & Technology,Household Items,Sewing Machine,Mechanical device used to stitch fabric together.
Objects & Technology,Household Items,Lawnmower,Machine used for cutting grass on a lawn.
Objects & Technology,Household Items,Flashlight,Portable hand-held electric light powered by batteries.
Objects & Technology,Household Items,Mirror,Surface that reflects a clear image of what is before it.
Objects & Technology,Household Items,Ironing Board,Padded flat surface used for pressing clothes.
Objects & Technology,Household Items,Hammock,Sling made of fabric suspended between two points.
Objects & Technology,Household Items,Bookshelf,Piece of furniture with shelves for storing books.
Objects & Technology,Household Items,Teapot,Vessel with a lid and spout used for brewing tea.
Objects & Technology,Household Items,Microscope,Optical instrument used for viewing very small objects.
Objects & Technology,Household Items,Toolbox,Portable container for organizing various hand tools.
Objects & Technology,Household Items,Candle,Block of wax with a wick that provides light.
Objects & Technology,Household Items,Wind Chime,Decorative arrangement of tubes that ring in the wind.
Objects & Technology,Household Items,Refrigerator,Large cooling appliance used for preserving food.
,,,
Objects & Technology,Clothing & Accessories,High Heels,Footwear that raises the wearer's heel above the toes.
Objects & Technology,Clothing & Accessories,Fedora,Felt hat with a wide brim and indented crown.
Objects & Technology,Clothing & Accessories,Sunglasses,Tinted eyewear used to protect eyes from sunlight.
Objects & Technology,Clothing & Accessories,Tuxedo,"Formal suit for men, worn at black-tie events."
Objects & Technology,Clothing & Accessories,Bow Tie,Type of necktie tied in a symmetrical bow shape.
Objects & Technology,Clothing & Accessories,Raincoat,Waterproof garment worn to protect the body from rain.
Objects & Technology,Clothing & Accessories,Flip-Flops,Simple light sandals with a thong between the toes.
Objects & Technology,Clothing & Accessories,Kimono,Traditional Japanese T-shaped wrapped-front garment.
Objects & Technology,Clothing & Accessories,Backpack,Bag carried on the back with two shoulder straps.
Objects & Technology,Clothing & Accessories,Wristwatch,Small timepiece intended to be worn around the wrist.
Objects & Technology,Clothing & Accessories,Space Suit,Complex garment worn to keep humans alive in space.
Objects & Technology,Clothing & Accessories,Leather Jacket,Durable coat made from the tanned hide of animals.
Objects & Technology,Clothing & Accessories,Tiara,Jeweled ornamental crown traditionally worn by women.
Objects & Technology,Clothing & Accessories,Mittens,Hand coverings with a separate section for thumbs.
Objects & Technology,Clothing & Accessories,Scarf,Length of fabric worn around the neck for warmth.
Objects & Technology,Clothing & Accessories,Cowboy Boots,Riding boots with a high heel and pointed toe.
Objects & Technology,Clothing & Accessories,Tutu,Skirt made of many layers of tulle worn by ballerinas.
Objects & Technology,Clothing & Accessories,Cape,Sleeveless outer garment that hangs from the neck.
Objects & Technology,Clothing & Accessories,Beret,"Soft, round, flat-crowned hat usually made of felt."
Objects & Technology,Clothing & Accessories,Sneakers,Casual shoes designed for sports or everyday exercise.
,,,
Objects & Technology,Modern Gadgets,Smartphone,Mobile phone that performs functions of a computer.
Objects & Technology,Modern Gadgets,VR Headset,Device worn over eyes to provide 3D simulations.
Objects & Technology,Modern Gadgets,Drone,Remotely piloted aircraft used for photography.
Objects & Technology,Modern Gadgets,Smartwatch,Wearable device that offers computing capabilities.
Objects & Technology,Modern Gadgets,Tablet,Portable computer with a touchscreen interface.
Objects & Technology,Modern Gadgets,Laptop,"Small, portable computer suitable for use while traveling."
Objects & Technology,Modern Gadgets,Bluetooth Speaker,Wireless audio device that connects via Bluetooth.
Objects & Technology,Modern Gadgets,Digital Camera,Device that encodes images and videos into digital files.
Objects & Technology,Modern Gadgets,Robot Vacuum,Autonomous device that cleans floors without help.
Objects & Technology,Modern Gadgets,E-reader,Electronic device designed for reading digital books.
Objects & Technology,Modern Gadgets,Game Console,Computer system designed for playing video games.
Objects & Technology,Modern Gadgets,Noise-Canceling Headphones,Audio device that reduces unwanted ambient sounds.
Objects & Technology,Modern Gadgets,Electric Scooter,Two-wheeled vehicle powered by an electric motor.
Objects & Technology,Modern Gadgets,3D Printer,Machine that creates 3D objects from a digital file.
Objects & Technology,Modern Gadgets,Action Camera,"Rugged, waterproof camera for filming sports."
Objects & Technology,Modern Gadgets,Portable Charger,External battery pack used to charge mobile devices.
Objects & Technology,Modern Gadgets,GPS Device,Electronic system that provides navigation info.
Objects & Technology,Modern Gadgets,Smart Thermostat,Wi-Fi enabled device that controls home heating.
Objects & Technology,Modern Gadgets,Wireless Mouse,Computer pointing device that connects without a cable.
Objects & Technology,Modern Gadgets,Microphone,Instrument for converting sound into electrical energy.
,,,
Objects & Technology,Transportation,Hot Air Balloon,Aircraft consisting of a bag filled with heated air.
Objects & Technology,Transportation,Submarine,Watercraft capable of operating under the ocean.
Objects & Technology,Transportation,Unicycle,Vehicle that has only one wheel and is pedal-driven.
Objects & Technology,Transportation,Helicopter,Aircraft with overhead rotors for vertical takeoff.
Objects & Technology,Transportation,Steam Engine,Engine that performs work using steam as its fluid.
Objects & Technology,Transportation,Kayak,Narrow watercraft propelled by a double-bladed paddle.
Objects & Technology,Transportation,Motorcycle,Two-wheeled motor vehicle with an engine.
Objects & Technology,Transportation,Space Shuttle,Reusable spacecraft used for Earth orbit missions.
Objects & Technology,Transportation,Gondola,Traditional narrow flat-bottomed boat used in Venice.
Objects & Technology,Transportation,Tractor,Powerful motor vehicle used for pulling farm machinery.
Objects & Technology,Transportation,Bulldozer,Powerful tractor with a broad blade for moving earth.
Objects & Technology,Transportation,Skateboard,Short board with wheels used for riding or tricks.
Objects & Technology,Transportation,Yacht,"Large, luxurious boat used for private recreation."
Objects & Technology,Transportation,Hang Glider,Non-motorized aircraft where the pilot flies in a harness.
Objects & Technology,Transportation,Segway,"Two-wheeled, self-balancing personal transporter."
Objects & Technology,Transportation,Tandem Bicycle,Bicycle designed to be ridden by two people at once.
Objects & Technology,Transportation,Cable Car,Transportation system using cars pulled by a cable.
Objects & Technology,Transportation,Hovercraft,Vehicle that travels over land or water on air.
Objects & Technology,Transportation,Tugboat,Powerful boat used for towing or pushing larger ships.
Objects & Technology,Transportation,Bullet Train,High-speed passenger rail with a streamlined shape.
,,,
Objects & Technology,Toys & Hobbies,Rubik’s Cube,3D combination puzzle with colored faces.
Objects & Technology,Toys & Hobbies,Lego Bricks,Plastic building blocks that can be assembled.
Objects & Technology,Toys & Hobbies,Hula Hoop,Large plastic ring that is twirled around the waist.
Objects & Technology,Toys & Hobbies,Yo-Yo,Toy consisting of an axle connected to two disks.
Objects & Technology,Toys & Hobbies,Jigsaw Puzzle,Tiling puzzle that requires interlocking pieces.
Objects & Technology,Toys & Hobbies,Model Airplane,Small-scale representation of a real aircraft.
Objects & Technology,Toys & Hobbies,Chessboard,Square board with sixty-four alternating squares.
Objects & Technology,Toys & Hobbies,Playing Cards,Set of rectangular cards used for various games.
Objects & Technology,Toys & Hobbies,Teddy Bear,Soft toy animal typically shaped like a bear.
Objects & Technology,Toys & Hobbies,Slime,"Gooey, non-Newtonian fluid used as a sensory toy."
Objects & Technology,Toys & Hobbies,Frisbee,Gliding toy or sporting item that is thrown.
Objects & Technology,Toys & Hobbies,Jump Rope,Length of rope used for skipping over as a workout.
Objects & Technology,Toys & Hobbies,Etch A Sketch,Mechanical drawing toy with two control knobs.
Objects & Technology,Toys & Hobbies,Slinky,"Helical spring toy that can ""walk"" down stairs."
Objects & Technology,Toys & Hobbies,Action Figure,Posable character figurine based on movies or comics.
Objects & Technology,Toys & Hobbies,Dollhouse,Toy home made in miniature for dolls to live in.
Objects & Technology,Toys & Hobbies,Marbles,Small spherical toys made of glass or stone.
Objects & Technology,Toys & Hobbies,Origami,Japanese art of folding paper into decorative shapes.
Objects & Technology,Toys & Hobbies,Binoculars,Optical instrument for magnified views of distant objects.
Objects & Technology,Toys & Hobbies,Deck of Cards,A standard set of 52 playing cards.
,,,
Concepts & Extras,Animals (Wild),African Elephant,"The largest living land animal, known for its tusks."
Concepts & Extras,Animals (Wild),Great White Shark,A large predatory fish famous for its powerful jaws.
Concepts & Extras,Animals (Wild),Bald Eagle,A bird of prey that is the national symbol of the USA.
Concepts & Extras,Animals (Wild),Platypus,A unique egg-laying mammal with a duck-like bill.
Concepts & Extras,Animals (Wild),Komodo Dragon,"The largest living species of lizard, found in Indonesia."
Concepts & Extras,Animals (Wild),Penguin,A flightless sea bird that lives primarily in the Southern Hemisphere.
Concepts & Extras,Animals (Wild),Sloth,A slow-moving tropical mammal that lives in trees.
Concepts & Extras,Animals (Wild),Tiger,A large cat species with dark vertical stripes on orange fur.
Concepts & Extras,Animals (Wild),Kangaroo,A large marsupial from Australia that moves by hopping.
Concepts & Extras,Animals (Wild),Gorilla,"The largest living primate, native to the forests of Africa."
Concepts & Extras,Animals (Wild),Blue Whale,The largest animal known to have ever existed.
Concepts & Extras,Animals (Wild),Polar Bear,A large white bear that lives in the Arctic Circle.
Concepts & Extras,Animals (Wild),Chameleon,A lizard known for its ability to change skin color.
Concepts & Extras,Animals (Wild),Jellyfish,A gelatinous sea creature with stinging tentacles.
Concepts & Extras,Animals (Wild),Giraffe,"The tallest living terrestrial animal, known for its long neck."
Concepts & Extras,Animals (Wild),Wolf,A wild carnivorous mammal that is the ancestor of the dog.
Concepts & Extras,Animals (Wild),Meerkat,A small mongoose that lives in social groups in Africa.
Concepts & Extras,Animals (Wild),Octopus,A sea creature with eight arms and a highly developed brain.
Concepts & Extras,Animals (Wild),Zebra,An African wild horse with distinctive black-and-white stripes.
Concepts & Extras,Animals (Wild),Owl,A nocturnal bird of prey with large eyes and silent flight.
,,,
Concepts & Extras,Animals (Domestic/Small),Golden Retriever,A popular breed of dog known for its friendly nature.
Concepts & Extras,Animals (Domestic/Small),Siamese Cat,A distinctive breed of cat with blue eyes and point coloration.
Concepts & Extras,Animals (Domestic/Small),Hamster,A small rodent often kept as a household pet.
Concepts & Extras,Animals (Domestic/Small),Goldfish,A small reddish-golden carp frequently kept in aquariums.
Concepts & Extras,Animals (Domestic/Small),Hedgehog,A small mammal covered in sharp spines for protection.
Concepts & Extras,Animals (Domestic/Small),Parakeet,A small parrot often kept in a cage as a pet.
Concepts & Extras,Animals (Domestic/Small),Alpaca,A domesticated South American camelid known for its wool.
Concepts & Extras,Animals (Domestic/Small),Pot-bellied Pig,A small breed of pig often kept as an exotic pet.
Concepts & Extras,Animals (Domestic/Small),Ferret,"A small, slender domesticated mammal in the weasel family."
Concepts & Extras,Animals (Domestic/Small),Hermit Crab,A crustacean that lives in scavenged snail shells.
Concepts & Extras,Animals (Domestic/Small),Guinea Pig,A small species of rodent commonly kept as a pet.
Concepts & Extras,Animals (Domestic/Small),Rabbit,A small burrowing mammal with long ears and a short tail.
Concepts & Extras,Animals (Domestic/Small),Pony,"A small type of horse, usually under 14.2 hands high."
Concepts & Extras,Animals (Domestic/Small),Goat,A hardy domesticated mammal often raised for milk and wool.
Concepts & Extras,Animals (Domestic/Small),Chicken,A common domestic bird raised for its eggs and meat.
Concepts & Extras,Animals (Domestic/Small),Honeybee,An insect that lives in hives and produces wax and honey.
Concepts & Extras,Animals (Domestic/Small),Ladybug,"A small, colorful beetle typically red with black spots."
Concepts & Extras,Animals (Domestic/Small),Firefly,A beetle that produces light from its abdomen at night.
Concepts & Extras,Animals (Domestic/Small),Butterfly,"An insect with large, often colorful wings and a slender body."
Concepts & Extras,Animals (Domestic/Small),Snail,A mollusk with a coiled shell into which it can retract.
,,,
Concepts & Extras,Abstract Concepts,True Love,A profound and passionate affection for another person.
Concepts & Extras,Abstract Concepts,World Peace,An ideal state of freedom and happiness among all nations.
Concepts & Extras,Abstract Concepts,Chaos,A state of utter confusion or disorder.
Concepts & Extras,Abstract Concepts,Freedom,"The power or right to act, speak, or think freely."
Concepts & Extras,Abstract Concepts,Justice,The quality of being fair and reasonable.
Concepts & Extras,Abstract Concepts,Curiosity,A strong desire to know or learn something.
Concepts & Extras,Abstract Concepts,Luck,Success or failure apparently brought by chance rather than actions.
Concepts & Extras,Abstract Concepts,Wisdom,"The quality of having experience, knowledge, and good judgment."
Concepts & Extras,Abstract Concepts,Silence,The complete absence of sound.
Concepts & Extras,Abstract Concepts,Greed,Intense and selfish desire for wealth or power.
Concepts & Extras,Abstract Concepts,Courage,The ability to do something that frightens one.
Concepts & Extras,Abstract Concepts,Nostalgia,A sentimental longing for the past.
Concepts & Extras,Abstract Concepts,Imagination,The faculty of forming new ideas or images in the mind.
Concepts & Extras,Abstract Concepts,Honesty,The quality of being truthful and sincere.
Concepts & Extras,Abstract Concepts,Success,The accomplishment of an aim or purpose.
Concepts & Extras,Abstract Concepts,Jealousy,The state of being resentful of someone's advantages.
Concepts & Extras,Abstract Concepts,Harmony,The quality of forming a pleasing and consistent whole.
Concepts & Extras,Abstract Concepts,Hope,A feeling of expectation and desire for a certain thing.
Concepts & Extras,Abstract Concepts,Ambition,A strong desire to do or achieve something.
Concepts & Extras,Abstract Concepts,Humility,A modest or low view of one's own importance.
,,,
Concepts & Extras,Events & Holidays,Halloween,A holiday on October 31st involving costumes and candy.
Concepts & Extras,Events & Holidays,Super Bowl,The annual championship game of the NFL.
Concepts & Extras,Events & Holidays,Graduation,The receiving of an academic degree or diploma.
Concepts & Extras,Events & Holidays,Birthday Party,A celebration of the anniversary of someone's birth.
Concepts & Extras,Events & Holidays,Wedding,"A marriage ceremony, typically with a reception."
Concepts & Extras,Events & Holidays,New Year’s Eve,"The last day of the year, often celebrated with parties."
Concepts & Extras,Events & Holidays,Summer Vacation,A long break from school or work during the summer.
Concepts & Extras,Events & Holidays,Thanksgiving,A North American holiday for expressing gratitude.
Concepts & Extras,Events & Holidays,Olympics,A major international sporting event held every four years.
Concepts & Extras,Events & Holidays,Moon Landing,The arrival of a spacecraft on the surface of the moon.
Concepts & Extras,Events & Holidays,Mardi Gras,A carnival held on Shrove Tuesday with parades and masks.
Concepts & Extras,Events & Holidays,Carnival,A traveling amusement show or a festive public period.
Concepts & Extras,Events & Holidays,Music Festival,A series of performances by various musicians over several days.
Concepts & Extras,Events & Holidays,Solar Eclipse,When the moon passes between the sun and the earth.
Concepts & Extras,Events & Holidays,Family Reunion,A gathering of extended family members.
Concepts & Extras,Events & Holidays,Road Trip,A long journey made by car.
Concepts & Extras,Events & Holidays,Prom,A formal dance held for high school students.
Concepts & Extras,Events & Holidays,Christmas,A holiday celebrating the birth of Jesus Christ.
Concepts & Extras,Events & Holidays,St. Patrick’s Day,A cultural and religious holiday celebrated on March 17th.
Concepts & Extras,Events & Holidays,Earth Day,An annual event to support environmental protection.
,,,
,,,
Concepts & Extras,"The ""Random"" Pile",Duct Tape,"Strong, cloth-backed, waterproof adhesive tape."
Concepts & Extras,"The ""Random"" Pile",A Rusty Nail,A piece of metal used for fastening that has oxidized.
Concepts & Extras,"The ""Random"" Pile",Bubble Wrap,Plastic packaging material consisting of small air-filled bubbles.
Concepts & Extras,"The ""Random"" Pile",Freshly Cut Grass,The scent or sight of a recently mowed lawn.
Concepts & Extras,"The ""Random"" Pile",A Secret Message,Information intended to be understood only by few.
Concepts & Extras,"The ""Random"" Pile",Static Electricity,A stationary electric charge built up on an object.
Concepts & Extras,"The ""Random"" Pile",A Magic Trick,An entertainment act that seems impossible.
Concepts & Extras,"The ""Random"" Pile",Fog,A thick cloud of tiny water droplets suspended near Earth.
Concepts & Extras,"The ""Random"" Pile",Morning Dew,Tiny drops of water that form on cool surfaces overnight.
Concepts & Extras,"The ""Random"" Pile",A Lost Sock,A single piece of footwear missing its pair.
Concepts & Extras,"The ""Random"" Pile",Junk Mail,Unsolicited advertising sent through the post.
Concepts & Extras,"The ""Random"" Pile",Sandpaper,Paper with an abrasive surface used for smoothing wood.
Concepts & Extras,"The ""Random"" Pile",A New Car Smell,The unique scent of a brand-new vehicle.
Concepts & Extras,"The ""Random"" Pile",Broken Glass,Sharp fragments from a shattered transparent material.
Concepts & Extras,"The ""Random"" Pile",Glitter,"Tiny, shimmering pieces of material used for decoration."
Concepts & Extras,"The ""Random"" Pile",A Fortune Cookie,A crisp cookie containing a paper with a prediction.
Concepts & Extras,"The ""Random"" Pile",Quicksand,Loose wet sand that yields easily to pressure.
Concepts & Extras,"The ""Random"" Pile",A Hidden Trapdoor,A secret door flush with the floor or ceiling.
Concepts & Extras,"The ""Random"" Pile",Mud,"Soft, sticky matter resulting from mixing earth and water."
Concepts & Extras,"The ""Random"" Pile",Lint,Tiny bits of fabric and fiber found on clothing.