id,category,subcategory,noun,description
n-albert_einstein,People & Characters,Historical Figures,Albert Einstein,Legendary physicist known for the theory of relativity and E=mc2.
n-cleopatra,People & Characters,Historical Figures,Cleopatra,The last active ruler of the Ptolemaic Kingdom of Egypt.
n-napoleon,People & Characters,Historical Figures,Napoleon,French military leader and emperor who conquered much of Europe.
n-amelia_earhart,People & Characters,Historical Figures,Amelia Earhart,Pioneering aviator who mysteriously disappeared while flying across the globe.
n-gandhi,People & Characters,Historical Figures,Gandhi,Leader of Indian independence known for nonviolent civil disobedience.
n-joan_of_arc,People & Characters,Historical Figures,Joan of Arc,French heroine and saint who led armies during the Hundred Years' War.
n-leonardo_da_vinci,People & Characters,Historical Figures,Leonardo da Vinci,Renaissance polymath who painted the Mona Lisa and designed inventions.
n-marie_curie,People & Characters,Historical Figures,Marie Curie,Physicist and chemist who conducted pioneering research on radioactivity.
n-george_washington,People & Characters,Historical Figures,George Washington,First U.S. President and commander of the Continental Army.
n-harriet_tubman,People & Characters,Historical Figures,Harriet Tubman,Abolitionist who led enslaved people to freedom via the Underground Railroad.
n-genghis_khan,People & Characters,Historical Figures,Genghis Khan,"Founder of the Mongol Empire, the largest contiguous empire ever."
n-winston_churchill,People & Characters,Historical Figures,Winston Churchill,British Prime Minister who led the UK during World War II.
n-nefertiti,People & Characters,Historical Figures,Nefertiti,Egyptian queen known for her beauty and powerful political role.
n-abraham_lincoln,People & Characters,Historical Figures,Abraham Lincoln,16th U.S. President who preserved the Union and abolished slavery.
n-rosa_parks,People & Characters,Historical Figures,Rosa Parks,Civil rights activist famous for her pivotal role in the Montgomery bus boycott.
n-aristotle,People & Characters,Historical Figures,Aristotle,"Ancient Greek philosopher and scientist, student of Plato and teacher of Alexander."
n-queen_elizabeth_i,People & Characters,Historical Figures,Queen Elizabeth I,Powerful Tudor monarch who presided over England's Golden Age.
n-martin_luther_king_jr.,People & Characters,Historical Figures,Martin Luther King Jr.,Civil rights leader famous for his 'I Have a Dream' speech.
n-marco_polo,People & Characters,Historical Figures,Marco Polo,Venetian merchant traveler who documented his travels to Central Asia.
n-catherine_the_great,People & Characters,Historical Figures,Catherine the Great,Empress of Russia who expanded the empire and modernized its culture.
n-sherlock_holmes,People & Characters,Fictional Icons,Sherlock Holmes,Brilliantly logical detective famous for solving crimes in London.
n-harry_potter,People & Characters,Fictional Icons,Harry Potter,The Boy Who Lived and hero of Hogwarts wizarding school.
n-wonder_woman,People & Characters,Fictional Icons,Wonder Woman,Amazonian princess and superhero fighting for justice and peace.
n-darth_vader,People & Characters,Fictional Icons,Darth Vader,Iconic Star Wars villain and fallen Jedi Knight.
n-alice_in_wonderland,People & Characters,Fictional Icons,Alice in Wonderland,Curious girl who falls down a rabbit hole into a dreamworld.
n-batman,People & Characters,Fictional Icons,Batman,Caped Crusader of Gotham City who fights crime with gadgets.
n-mickey_mouse,People & Characters,Fictional Icons,Mickey Mouse,"The cheerful, long-running face of the Disney empire."
n-katniss_everdeen,People & Characters,Fictional Icons,Katniss Everdeen,Skilled archer and symbol of rebellion in The Hunger Games.
n-dracula,People & Characters,Fictional Icons,Dracula,Legendary vampire count from Transylvania who fears garlic and sunlight.
n-hermione_granger,People & Characters,Fictional Icons,Hermione Granger,Highly intelligent and loyal witch from the Harry Potter series.
n-frodo_baggins,People & Characters,Fictional Icons,Frodo Baggins,Brave hobbit who carried the One Ring to Mount Doom.
n-mary_poppins,People & Characters,Fictional Icons,Mary Poppins,Magical nanny who is practically perfect in every way.
n-james_bond,People & Characters,Fictional Icons,James Bond,Suave British secret agent also known by his code number 007.
n-elsa,People & Characters,Fictional Icons,Elsa,Queen of Arendelle with powerful magical ice and snow abilities.
n-spider-man,People & Characters,Fictional Icons,Spider-Man,Web-slinging hero who fights crime after being bitten by a spider.
n-robin_hood,People & Characters,Fictional Icons,Robin Hood,Heroic outlaw who steals from the rich to give to the poor.
n-winnie_the_pooh,People & Characters,Fictional Icons,Winnie the Pooh,Gentle bear from the Hundred Acre Wood who loves honey.
n-cinderella,People & Characters,Fictional Icons,Cinderella,Kind-hearted girl who goes from rags to riches with magic.
n-captain_kirk,People & Characters,Fictional Icons,Captain Kirk,Bold commander of the starship USS Enterprise in Star Trek.
n-pikachu,People & Characters,Fictional Icons,Pikachu,"The yellow, electric-powered mascot of the Pokémon franchise."
n-taylor_swift,People & Characters,Modern Celebrities,Taylor Swift,Global pop superstar known for her songwriting and Eras Tour.
n-tom_hanks,People & Characters,Modern Celebrities,Tom Hanks,Beloved American actor famous for roles in Forrest Gump and Toy Story.
n-beyoncé,People & Characters,Modern Celebrities,Beyoncé,Multi-platinum singer and performer often referred to as Queen Bey.
n-dwayne_the_rock_johnson,People & Characters,Modern Celebrities,"Dwayne ""The Rock"" Johnson",Former pro wrestler turned massive Hollywood action movie star.
n-zendaya,People & Characters,Modern Celebrities,Zendaya,Acclaimed actress and fashion icon known for Euphoria and Dune.
n-keanu_reeves,People & Characters,Modern Celebrities,Keanu Reeves,Actor known for the Matrix and John Wick series and his kindness.
n-oprah_winfrey,People & Characters,Modern Celebrities,Oprah Winfrey,"Media mogul, talk show host, and influential philanthropist."
n-lionel_messi,People & Characters,Modern Celebrities,Lionel Messi,Argentine soccer legend widely considered one of the greatest ever.
n-serena_williams,People & Characters,Modern Celebrities,Serena Williams,Dominant tennis champion with twenty-three Grand Slam singles titles.
n-ryan_reynolds,People & Characters,Modern Celebrities,Ryan Reynolds,Actor famous for his wit and playing the superhero Deadpool.
n-rihanna,People & Characters,Modern Celebrities,Rihanna,Barbadian singer and entrepreneur behind the Fenty Beauty brand.
n-lady_gaga,People & Characters,Modern Celebrities,Lady Gaga,Versatile pop singer and actress known for her theatrical style.
n-elon_musk,People & Characters,Modern Celebrities,Elon Musk,"Tech billionaire behind companies like Tesla, SpaceX, and X."
n-gordon_ramsay,People & Characters,Modern Celebrities,Gordon Ramsay,Hot-tempered British celebrity chef and television personality.
n-adele,People & Characters,Modern Celebrities,Adele,Soulful British singer known for her powerful voice and ballads.
n-stephen_curry,People & Characters,Modern Celebrities,Stephen Curry,Basketball star credited with revolutionizing the game with three-pointers.
n-dolly_parton,People & Characters,Modern Celebrities,Dolly Parton,"Country music legend, songwriter, and beloved cultural icon."
n-bill_gates,People & Characters,Modern Celebrities,Bill Gates,Microsoft co-founder turned global philanthropist and public health advocate.
n-meryl_streep,People & Characters,Modern Celebrities,Meryl Streep,Highly decorated actress known for her incredible range and accents.
n-jackie_chan,People & Characters,Modern Celebrities,Jackie Chan,Martial arts master and actor famous for doing his own stunts.
n-astronaut,People & Characters,Occupations,Astronaut,A person trained to travel and work in outer space.
n-librarian,People & Characters,Occupations,Librarian,A professional who manages collections of books and information.
n-firefighter,People & Characters,Occupations,Firefighter,A rescuer extensively trained to extinguish hazardous fires.
n-surgeon,People & Characters,Occupations,Surgeon,A medical doctor who performs operations on patients.
n-detective,People & Characters,Occupations,Detective,An investigator who gathers clues to solve crimes.
n-blacksmith,People & Characters,Occupations,Blacksmith,A person who creates objects from wrought iron or steel.
n-pilot,People & Characters,Occupations,Pilot,A person who operates the flying controls of an aircraft.
n-chef,People & Characters,Occupations,Chef,A professional cook who oversees a kitchen and menus.
n-archeologist,People & Characters,Occupations,Archeologist,A scientist who studies history through excavating sites.
n-judge,People & Characters,Occupations,Judge,A public officer appointed to decide cases in court.
n-ballerina,People & Characters,Occupations,Ballerina,A female dancer who performs in technical ballet art.
n-journalist,People & Characters,Occupations,Journalist,A person who writes for newspapers or news websites.
n-architect,People & Characters,Occupations,Architect,A person who designs buildings and supervises construction.
n-park_ranger,People & Characters,Occupations,Park Ranger,A person entrusted with protecting and preserving parklands.
n-plumber,People & Characters,Occupations,Plumber,A person who installs and repairs water system pipes.
n-sculptor,People & Characters,Occupations,Sculptor,An artist who creates 3D forms from stone or metal.
n-midwife,People & Characters,Occupations,Midwife,A professional who assists women in childbirth and care.
n-software_engineer,People & Characters,Occupations,Software Engineer,A person who develops computer software using engineering.
n-farmer,People & Characters,Occupations,Farmer,A person who manages a farm and grows crops.
n-stunt_double,People & Characters,Occupations,Stunt Double,A person who replaces an actor for dangerous scenes.
n-bigfoot,People & Characters,Mythical Beings,Bigfoot,"A large, hairy creature said to inhabit North American forests."
n-medusa,People & Characters,Mythical Beings,Medusa,A gorgon with snakes for hair who turns people to stone.
n-phoenix,People & Characters,Mythical Beings,Phoenix,A mythical bird that cyclically regenerates from its own ashes.
n-leprechaun,People & Characters,Mythical Beings,Leprechaun,A type of Irish fairy who hides pots of gold.
n-zeus,People & Characters,Mythical Beings,Zeus,The king of gods and the god of thunder.
n-mermaid,People & Characters,Mythical Beings,Mermaid,A sea creature with a human torso and fish tail.
n-centaur,People & Characters,Mythical Beings,Centaur,A creature with a human upper body and horse lower body.
n-dragon,People & Characters,Mythical Beings,Dragon,"A large, serpent-like legendary creature that often breathes fire."
n-pegasus,People & Characters,Mythical Beings,Pegasus,"A mythical winged horse, usually depicted as pure white."
n-cupid,People & Characters,Mythical Beings,Cupid,"The Roman god of desire, love, and attraction."
n-banshee,People & Characters,Mythical Beings,Banshee,A female spirit whose wailing warns of a death.
n-minotaur,People & Characters,Mythical Beings,Minotaur,A creature with a bull's head and a man's body.
n-sphinx,People & Characters,Mythical Beings,Sphinx,A mythical creature with a human head and lion body.
n-thor,People & Characters,Mythical Beings,Thor,The hammer-wielding Norse god of lightning and strength.
n-anubis,People & Characters,Mythical Beings,Anubis,The ancient Egyptian god of the dead and mummification.
n-kraken,People & Characters,Mythical Beings,Kraken,A legendary sea monster of giant size and appearance.
n-valkyrie,People & Characters,Mythical Beings,Valkyrie,A female figure who chooses who dies in battle.
n-cyclops,People & Characters,Mythical Beings,Cyclops,A member of a race of giants with one eye.
n-gnome,People & Characters,Mythical Beings,Gnome,A diminutive spirit often guarding mines or gardens.
n-unicorn,People & Characters,Mythical Beings,Unicorn,A legendary creature described as a horse with one horn.
n-popcorn,Food & Drink,Classic Snacks,Popcorn,Kernels of corn that puff up when heated with steam.
n-potato_chips,Food & Drink,Classic Snacks,Potato Chips,Thinly sliced potatoes that are deep fried until crunchy.
n-pretzels,Food & Drink,Classic Snacks,Pretzels,Baked dough twisted into a knot and sprinkled with salt.
n-beef_jerky,Food & Drink,Classic Snacks,Beef Jerky,"Lean meat that has been trimmed, salted, and dried."
n-gummy_bears,Food & Drink,Classic Snacks,Gummy Bears,"Small, fruit-flavored gelatin candies shaped like stylized bears."
n-cheese_crackers,Food & Drink,Classic Snacks,Cheese Crackers,"Crunchy, baked snacks flavored with real or artificial cheese."
n-granola_bars,Food & Drink,Classic Snacks,Granola Bars,"Pressed bars made of oats, honey, and dried fruit."
n-trail_mix,Food & Drink,Classic Snacks,Trail Mix,"A blend of nuts, seeds, and chocolate for hiking."
n-sunflower_seeds,Food & Drink,Classic Snacks,Sunflower Seeds,Small seeds harvested from the center of a large flower.
n-fruit_leather,Food & Drink,Classic Snacks,Fruit Leather,"Flattened, dried fruit puree with a chewy, gummy texture."
n-nachos,Food & Drink,Classic Snacks,Nachos,Tortilla chips covered in melted cheese and various toppings.
n-pringles,Food & Drink,Classic Snacks,Pringles,Uniformly shaped potato crisps sold in a tall canister.
n-oreos,Food & Drink,Classic Snacks,Oreos,Chocolate sandwich cookies with a sweet cream filling inside.
n-pickles,Food & Drink,Classic Snacks,Pickles,Cucumbers that have been preserved in vinegar or brine.
n-rice_cakes,Food & Drink,Classic Snacks,Rice Cakes,"Puffed rice pressed together into a circular, crunchy disk."
n-string_cheese,Food & Drink,Classic Snacks,String Cheese,"Mozzarella cheese pulled into long, snackable fibers or strings."
n-wasabi_peas,Food & Drink,Classic Snacks,Wasabi Peas,"Dried peas coated in a spicy, pungent green horseradish."
n-corn_nuts,Food & Drink,Classic Snacks,Corn Nuts,Toasted or deep-fried kernels of large-sized Peruvian corn.
n-pop-tarts,Food & Drink,Classic Snacks,Pop-Tarts,Toaster pastries with a sweet filling and frosted top.
n-goldfish_crackers,Food & Drink,Classic Snacks,Goldfish Crackers,"Small, fish-shaped cheese crackers that ""smile back"" at you."
n-pepperoni_pizza,Food & Drink,Main Courses,Pepperoni Pizza,"Flatbread topped with tomato sauce, cheese, and spicy sausage."
n-spaghetti_bolognese,Food & Drink,Main Courses,Spaghetti Bolognese,"Long pasta noodles served with a thick, meaty tomato sauce."
n-sushi,Food & Drink,Main Courses,Sushi,Japanese dish featuring vinegared rice and raw fish or vegetables.
n-tacos,Food & Drink,Main Courses,Tacos,Tortillas folded around fillings like seasoned meat and salsa.
n-roast_turkey,Food & Drink,Main Courses,Roast Turkey,Large poultry bird typically served at festive holiday dinners.
n-cheeseburger,Food & Drink,Main Courses,Cheeseburger,A beef patty topped with melted cheese on a bun.
n-pad_thai,Food & Drink,Main Courses,Pad Thai,"Stir-fried rice noodles with shrimp, peanuts, and lime."
n-lasagna,Food & Drink,Main Courses,Lasagna,"Layers of wide pasta, ricotta cheese, and savory meat sauce."
n-fish_and_chips,Food & Drink,Main Courses,Fish and Chips,"Battered, fried fish served with thick-cut fried potatoes."
n-chicken_tikka_masala,Food & Drink,Main Courses,Chicken Tikka Masala,"Roasted chicken chunks in a spicy, creamy orange sauce."
n-beef_stroganoff,Food & Drink,Main Courses,Beef Stroganoff,Sautéed beef pieces served in a sauce with sour cream.
n-lobster_thermidor,Food & Drink,Main Courses,Lobster Thermidor,"Cooked lobster meat in a creamy wine sauce, stuffed back."
n-dim_sum,Food & Drink,Main Courses,Dim Sum,Small Chinese dishes served in steaming bamboo baskets.
n-ramen,Food & Drink,Main Courses,Ramen,"Japanese noodle soup served in a rich, flavorful broth."
n-enchiladas,Food & Drink,Main Courses,Enchiladas,Corn tortillas rolled around filling and covered in chili sauce.
n-steak_frites,Food & Drink,Main Courses,Steak Frites,A classic dish of grilled steak served with French fries.
n-falafel_wrap,Food & Drink,Main Courses,Falafel Wrap,Deep-fried chickpea balls wrapped in pita with vegetables.
n-paella,Food & Drink,Main Courses,Paella,"Spanish rice dish with saffron, vegetables, and various seafood."
n-peking_duck,Food & Drink,Main Courses,Peking Duck,"Famous Chinese dish featuring thin, crispy roasted duck skin."
n-chili_con_carne,Food & Drink,Main Courses,Chili Con Carne,"Spicy stew containing chili peppers, meat, and often beans."
n-cheesecake,Food & Drink,Sweets & Desserts,Cheesecake,"Rich dessert with a thick layer of soft, sweetened cheese."
n-apple_pie,Food & Drink,Sweets & Desserts,Apple Pie,Classic fruit pie with a flaky crust and cinnamon.
n-crème_brûlée,Food & Drink,Sweets & Desserts,Crème Brûlée,Rich custard topped with a layer of hardened caramelized sugar.
n-chocolate_truffles,Food & Drink,Sweets & Desserts,Chocolate Truffles,Confections made with a chocolate ganache center and coating.
n-cotton_candy,Food & Drink,Sweets & Desserts,Cotton Candy,Spun sugar that looks like fluffy clouds on a stick.
n-baklava,Food & Drink,Sweets & Desserts,Baklava,"Layered pastry dessert made of filo, nuts, and honey."
n-tiramisu,Food & Drink,Sweets & Desserts,Tiramisu,Coffee-flavored Italian dessert with ladyfingers and mascarpone cheese.
n-churros,Food & Drink,Sweets & Desserts,Churros,Fried dough pastries dusted in sugar and often cinnamon.
n-macarons,Food & Drink,Sweets & Desserts,Macarons,Delicate French almond meringue cookies with a creamy filling.
n-banana_split,Food & Drink,Sweets & Desserts,Banana Split,Ice cream dessert served with a sliced banana and toppings.
n-red_velvet_cake,Food & Drink,Sweets & Desserts,Red Velvet Cake,Crimson-colored chocolate cake with a tangy cream cheese frosting.
n-gelato,Food & Drink,Sweets & Desserts,Gelato,Italian-style frozen dessert that is denser than ice cream.
n-brownies,Food & Drink,Sweets & Desserts,Brownies,"Square, baked chocolate treats with a fudgy or cakey texture."
n-marshmallows,Food & Drink,Sweets & Desserts,Marshmallows,"Soft, spongy sugar-based confections often roasted over a fire."
n-meringue,Food & Drink,Sweets & Desserts,Meringue,"Light, airy dessert made from whipped egg whites and sugar."
n-cannoli,Food & Drink,Sweets & Desserts,Cannoli,Tube-shaped Italian pastry shells filled with sweet ricotta cream.
n-sorbet,Food & Drink,Sweets & Desserts,Sorbet,Frozen dessert made from sweetened water and fruit puree.
n-fudge,Food & Drink,Sweets & Desserts,Fudge,A type of sugar candy made by mixing butter and milk.
n-eclairs,Food & Drink,Sweets & Desserts,Eclairs,Oblong choux pastry filled with cream and topped with chocolate.
n-donut,Food & Drink,Sweets & Desserts,Donut,Fried dough confection usually shaped like a ring or ball.
n-espresso,Food & Drink,Beverages,Espresso,"Highly concentrated coffee served in small, potent shots."
n-lemonade,Food & Drink,Beverages,Lemonade,"Refreshing drink made from lemon juice, sugar, and water."
n-root_beer,Food & Drink,Beverages,Root Beer,Sweet North American beverage flavored with sassafras root bark.
n-green_tea,Food & Drink,Beverages,Green Tea,"Tea made from unoxidized leaves, known for health benefits."
n-milkshake,Food & Drink,Beverages,Milkshake,"Cold, thick beverage made from blended milk and ice cream."
n-champagne,Food & Drink,Beverages,Champagne,"Sparkling wine from France, often used for celebratory toasts."
n-coconut_water,Food & Drink,Beverages,Coconut Water,"Clear liquid found inside young, green, tropical coconuts."
n-hot_cocoa,Food & Drink,Beverages,Hot Cocoa,"Warm, sweet drink made from cocoa powder and milk."
n-kombucha,Food & Drink,Beverages,Kombucha,"Fermented, lightly effervescent sweetened black or green tea drink."
n-tomato_juice,Food & Drink,Beverages,Tomato Juice,"Savory juice made from pressed tomatoes, used in cocktails."
n-ginger_ale,Food & Drink,Beverages,Ginger Ale,Carbonated soft drink flavored with the pungent ginger root.
n-iced_coffee,Food & Drink,Beverages,Iced Coffee,Chilled coffee beverage served over ice with milk or syrup.
n-smoothie,Food & Drink,Beverages,Smoothie,Thick drink made from blended raw fruit and vegetables.
n-chai_latte,Food & Drink,Beverages,Chai Latte,Spiced black tea mixed with steamed milk and foam.
n-sparkling_water,Food & Drink,Beverages,Sparkling Water,"Water containing dissolved carbon dioxide gas, making it bubbly."
n-apple_cider,Food & Drink,Beverages,Apple Cider,"Unfiltered, unsweetened beverage made from the pressing of apples."
n-eggnog,Food & Drink,Beverages,Eggnog,"Rich, chilled dairy drink made with milk, cream, and eggs."
n-peppermint_tea,Food & Drink,Beverages,Peppermint Tea,Caffeine-free herbal infusion made from peppermint plant leaves.
n-shirley_temple,Food & Drink,Beverages,Shirley Temple,Famous non-alcoholic cocktail made with ginger ale and grenadine.
n-slushie,Food & Drink,Beverages,Slushie,"Frozen, flavored icy drink typically served in a cup."
n-avocado,Food & Drink,Fruits & Vegetables,Avocado,Creamy green fruit often used in salads or as guacamole.
n-dragon_fruit,Food & Drink,Fruits & Vegetables,Dragon Fruit,Tropical fruit with vibrant pink skin and speckled white flesh.
n-asparagus,Food & Drink,Fruits & Vegetables,Asparagus,"Long, green, spear-like vegetable often grilled or steamed."
n-pomegranate,Food & Drink,Fruits & Vegetables,Pomegranate,"Fruit containing hundreds of juicy, red, edible seeds called arils."
n-broccoli,Food & Drink,Fruits & Vegetables,Broccoli,Edible green plant with a large flowering head and stalk.
n-mango,Food & Drink,Fruits & Vegetables,Mango,"Sweet, tropical stone fruit with juicy orange-yellow flesh."
n-brussels_sprouts,Food & Drink,Fruits & Vegetables,Brussels Sprouts,"Small, leafy green buds that look like miniature cabbages."
n-kiwi,Food & Drink,Fruits & Vegetables,Kiwi,Small fruit with fuzzy brown skin and bright green interior.
n-eggplant,Food & Drink,Fruits & Vegetables,Eggplant,"Large, purple-skinned vegetable commonly used in Mediterranean cooking."
n-artichoke,Food & Drink,Fruits & Vegetables,Artichoke,Thistle-like plant where the heart and leaves are eaten.
n-blueberries,Food & Drink,Fruits & Vegetables,Blueberries,"Small, round, indigo-colored berries that are sweet and tart."
n-kale,Food & Drink,Fruits & Vegetables,Kale,Leafy green vegetable known for its high nutritional value.
n-pineapple,Food & Drink,Fruits & Vegetables,Pineapple,"Large tropical fruit with a tough, spiky outer shell."
n-jalapeño,Food & Drink,Fruits & Vegetables,Jalapeño,Medium-sized chili pepper known for its moderate spicy heat.
n-watermelon,Food & Drink,Fruits & Vegetables,Watermelon,"Large, refreshing summer fruit with red flesh and seeds."
n-garlic,Food & Drink,Fruits & Vegetables,Garlic,Pungent bulb used globally as a seasoning in cooking.
n-pumpkin,Food & Drink,Fruits & Vegetables,Pumpkin,"Large, orange squash commonly carved during Halloween festivities."
n-starfruit,Food & Drink,Fruits & Vegetables,Starfruit,Tropical fruit that looks like a five-pointed star when sliced.
n-spinach,Food & Drink,Fruits & Vegetables,Spinach,Leafy green plant often eaten raw in salads or cooked.
n-fig,Food & Drink,Fruits & Vegetables,Fig,"Sweet, teardrop-shaped fruit with a soft, chewy texture."
n-the_great_wall_of_china,Places & Nature,World Landmarks,The Great Wall of China,Massive ancient stone fortification stretching across Northern China.
n-eiffel_tower,Places & Nature,World Landmarks,Eiffel Tower,Iconic iron lattice tower located on the Champ de Mars.
n-machu_picchu,Places & Nature,World Landmarks,Machu Picchu,15th-century Inca citadel located in the Andes Mountains.
n-grand_canyon,Places & Nature,World Landmarks,Grand Canyon,Steep-sided canyon carved by the Colorado River in Arizona.
n-statue_of_liberty,Places & Nature,World Landmarks,Statue of Liberty,Colossal copper statue on Liberty Island in New York Harbor.
n-colosseum,Places & Nature,World Landmarks,Colosseum,"Oval amphitheatre in Rome, the largest ever built."
n-taj_mahal,Places & Nature,World Landmarks,Taj Mahal,Ivory-white marble mausoleum on the bank of the Yamuna.
n-stonehenge,Places & Nature,World Landmarks,Stonehenge,Prehistoric monument in England consisting of a ring of standing stones.
n-mount_everest,Places & Nature,World Landmarks,Mount Everest,"Earth's highest mountain above sea level, located in the Himalayas."
n-great_pyramid_of_giza,Places & Nature,World Landmarks,Great Pyramid of Giza,"Oldest and largest of the three pyramids in Giza, Egypt."
n-sydney_opera_house,Places & Nature,World Landmarks,Sydney Opera House,"Multi-venue performing arts centre in Sydney, Australia."
n-niagara_falls,Places & Nature,World Landmarks,Niagara Falls,Group of three massive waterfalls at the US-Canada border.
n-mount_fuji,Places & Nature,World Landmarks,Mount Fuji,Active stratovolcano and highest mountain peak in Japan.
n-the_louvre,Places & Nature,World Landmarks,The Louvre,World's largest art museum and a historic monument in Paris.
n-victoria_falls,Places & Nature,World Landmarks,Victoria Falls,Massive waterfall on the Zambezi River in southern Africa.
n-golden_gate_bridge,Places & Nature,World Landmarks,Golden Gate Bridge,Famous orange suspension bridge spanning the San Francisco Bay.
n-petra,Places & Nature,World Landmarks,Petra,"Historic and archaeological city in southern Jordan, carved into rock."
n-the_parthenon,Places & Nature,World Landmarks,The Parthenon,Former temple on the Athenian Acropolis dedicated to Athena.
n-big_ben,Places & Nature,World Landmarks,Big Ben,Nickname for the Great Bell of the clock in London.
n-amazon_rainforest,Places & Nature,World Landmarks,Amazon Rainforest,Moist broadleaf tropical rainforest covering much of South America.
n-sahara_desert,Places & Nature,Geography & Habitats,Sahara Desert,"The largest hot desert in the world, covering North Africa."
n-coral_reef,Places & Nature,Geography & Habitats,Coral Reef,Underwater ecosystem characterized by reef-building corals.
n-salt_flats,Places & Nature,Geography & Habitats,Salt Flats,Flat expanse of ground covered with salt and other minerals.
n-glacier,Places & Nature,Geography & Habitats,Glacier,Persistent body of dense ice that is constantly moving.
n-volcano,Places & Nature,Geography & Habitats,Volcano,Rupture in the crust of a planetary-mass object.
n-swamp,Places & Nature,Geography & Habitats,Swamp,Forested wetland often found near large lakes or rivers.
n-redwood_forest,Places & Nature,Geography & Habitats,Redwood Forest,Dense woodland featuring some of the world's tallest trees.
n-cave,Places & Nature,Geography & Habitats,Cave,Natural underground space large enough for a human to enter.
n-island,Places & Nature,Geography & Habitats,Island,Any piece of sub-continental land that is surrounded by water.
n-tundra,Places & Nature,Geography & Habitats,Tundra,"Vast, flat, treeless Arctic region where the subsoil is frozen."
n-valley,Places & Nature,Geography & Habitats,Valley,"Low area between hills or mountains, often with a river."
n-savanna,Places & Nature,Geography & Habitats,Savanna,Grassy plain in tropical and subtropical regions with few trees.
n-fjord,Places & Nature,Geography & Habitats,Fjord,"Long, narrow, deep inlet of the sea between high cliffs."
n-canyon,Places & Nature,Geography & Habitats,Canyon,"Deep gorge, typically one with a river flowing through it."
n-peninsula,Places & Nature,Geography & Habitats,Peninsula,Piece of land almost surrounded by water or projecting out.
n-meadow,Places & Nature,Geography & Habitats,Meadow,Field of habitat with vegetation mainly consisting of grasses.
n-oasis,Places & Nature,Geography & Habitats,Oasis,Fertile spot in a desert where water is found.
n-archipelago,Places & Nature,Geography & Habitats,Archipelago,Large group or chain of many islands in a sea.
n-waterfall,Places & Nature,Geography & Habitats,Waterfall,Point in a river where water flows over a precipice.
n-delta,Places & Nature,Geography & Habitats,Delta,Landform created by deposition of sediment at a river mouth.
n-attic,Places & Nature,Rooms & Buildings,Attic,Space or room just below the roof of a house.
n-library,Places & Nature,Rooms & Buildings,Library,Building or room containing collections of books and periodicals.
n-treehouse,Places & Nature,Rooms & Buildings,Treehouse,Structure built among the branches of a mature tree.
n-castle,Places & Nature,Rooms & Buildings,Castle,"Large building, typically of the medieval period, fortified against attack."
n-greenhouse,Places & Nature,Rooms & Buildings,Greenhouse,Glass building in which plants are grown that need protection.
n-dungeon,Places & Nature,Rooms & Buildings,Dungeon,"Strong underground prison cell, especially in a medieval castle."
n-skyscraper,Places & Nature,Rooms & Buildings,Skyscraper,Very tall continuously habitable building having many floors.
n-lighthouse,Places & Nature,Rooms & Buildings,Lighthouse,Tower with a bright light to guide ships at sea.
n-cathedral,Places & Nature,Rooms & Buildings,Cathedral,"Principal church of a diocese, with which the bishop is associated."
n-observatory,Places & Nature,Rooms & Buildings,Observatory,Room or building with a telescope for observing the stars.
n-barn,Places & Nature,Rooms & Buildings,Barn,Large farm building used for storing grain or housing livestock.
n-bungalow,Places & Nature,Rooms & Buildings,Bungalow,"Low house, with a broad front porch, having no upper floor."
n-cinema,Places & Nature,Rooms & Buildings,Cinema,Theater where movies are shown for public entertainment.
n-museum,Places & Nature,Rooms & Buildings,Museum,Building in which objects of interest are stored and exhibited.
n-penthouse,Places & Nature,Rooms & Buildings,Penthouse,Expensive apartment on the top floor of a tall building.
n-laboratory,Places & Nature,Rooms & Buildings,Laboratory,Room or building equipped for scientific experiments or research.
n-windmill,Places & Nature,Rooms & Buildings,Windmill,Structure that converts wind power into energy using vanes.
n-cabin,Places & Nature,Rooms & Buildings,Cabin,Small wooden shelter or house in a remote area.
n-stadium,Places & Nature,Rooms & Buildings,Stadium,Large building with tiers of seats for sporting events.
n-basement,Places & Nature,Rooms & Buildings,Basement,The floor of a building which is partly or entirely underground.
n-the_moon,Places & Nature,Astronomy & Space,The Moon,"Earth's only natural satellite, which reflects light from the sun."
n-mars,Places & Nature,Astronomy & Space,Mars,"The fourth planet from the Sun, often called the Red Planet."
n-black_hole,Places & Nature,Astronomy & Space,Black Hole,Region of spacetime where gravity is so strong nothing escapes.
n-milky_way,Places & Nature,Astronomy & Space,Milky Way,The galaxy that contains our own Solar System.
n-supernova,Places & Nature,Astronomy & Space,Supernova,Powerful and luminous stellar explosion of a dying star.
n-space_station,Places & Nature,Astronomy & Space,Space Station,Large spacecraft in orbit where astronauts live and work.
n-saturn’s_rings,Places & Nature,Astronomy & Space,Saturn’s Rings,Enormous system of ice and dust orbiting a gas giant.
n-comet,Places & Nature,Astronomy & Space,Comet,"Icy, small Solar System body that displays a visible tail."
n-asteroid_belt,Places & Nature,Astronomy & Space,Asteroid Belt,Region between Mars and Jupiter with many irregular rocky bodies.
n-hubble_telescope,Places & Nature,Astronomy & Space,Hubble Telescope,Large space telescope that takes high-resolution images of space.
n-solar_flare,Places & Nature,Astronomy & Space,Solar Flare,Sudden flash of increased brightness on the Sun's surface.
n-nebula,Places & Nature,Astronomy & Space,Nebula,Enormous cloud of dust and gas occupying space between stars.
n-pluto,Places & Nature,Astronomy & Space,Pluto,"Dwarf planet in the Kuiper belt, formerly the ninth planet."
n-shooting_star,Places & Nature,Astronomy & Space,Shooting Star,Small piece of rock or dust hitting Earth's atmosphere.
n-lunar_rover,Places & Nature,Astronomy & Space,Lunar Rover,Vehicle designed to move across the surface of the Moon.
n-astronaut_helmet,Places & Nature,Astronomy & Space,Astronaut Helmet,Protective headgear worn by space travelers for breathing and safety.
n-alien_spaceship,Places & Nature,Astronomy & Space,Alien Spaceship,Hypothetical craft used by extraterrestrial beings for space travel.
n-solar_eclipse,Places & Nature,Astronomy & Space,Solar Eclipse,Event where the Moon passes between the Sun and Earth.
n-satellite,Places & Nature,Astronomy & Space,Satellite,Artificial body placed in orbit round the earth or moon.
n-the_big_dipper,Places & Nature,Astronomy & Space,The Big Dipper,Group of seven bright stars in the constellation Ursa Major.
n-hollywood,Places & Nature,U.S. Locations,Hollywood,Neighborhood in Los Angeles famous as the center of film.
n-times_square,Places & Nature,U.S. Locations,Times Square,Major commercial intersection and tourist destination in Midtown Manhattan.
n-las_vegas_strip,Places & Nature,U.S. Locations,Las Vegas Strip,Stretch of South Las Vegas Boulevard famous for its casinos.
n-yellowstone,Places & Nature,U.S. Locations,Yellowstone,National park famous for its geysers and grizzly bears.
n-disney_world,Places & Nature,U.S. Locations,Disney World,Massive entertainment resort and theme park complex in Florida.
n-the_white_house,Places & Nature,U.S. Locations,The White House,Official residence and workplace of the President of the United States.
n-french_quarter,Places & Nature,U.S. Locations,French Quarter,Historic heart of New Orleans known for its nightlife.
n-alcatraz,Places & Nature,U.S. Locations,Alcatraz,Famous former federal prison located on an island in California.
n-key_west,Places & Nature,U.S. Locations,Key West,Island city in Florida known for its coral reefs.
n-mount_rushmore,Places & Nature,U.S. Locations,Mount Rushmore,Massive sculpture carved into South Dakota's Black Hills.
n-waikiki_beach,Places & Nature,U.S. Locations,Waikiki Beach,Famous beach and neighborhood on the south shore of Honolulu.
n-pike_place_market,Places & Nature,U.S. Locations,Pike Place Market,Public market overlooking the Elliott Bay waterfront in Seattle.
n-the_alamo,Places & Nature,U.S. Locations,The Alamo,Historic Spanish mission and fortress compound in San Antonio.
n-route_66,Places & Nature,U.S. Locations,Route 66,Famous historic highway running from Chicago to Santa Monica.
n-central_park,Places & Nature,U.S. Locations,Central Park,Large urban park in the center of New York City.
n-harvard_university,Places & Nature,U.S. Locations,Harvard University,"Ivy League research university in Cambridge, Massachusetts."
n-kennedy_space_center,Places & Nature,U.S. Locations,Kennedy Space Center,NASA's primary launch center for human spaceflight in Florida.
n-aspen,Places & Nature,U.S. Locations,Aspen,Colorado ski resort town known for high-end outdoor recreation.
n-death_valley,Places & Nature,U.S. Locations,Death Valley,"Desert valley in Eastern California, the hottest place on Earth."
n-mall_of_america,Places & Nature,U.S. Locations,Mall of America,"Enormous shopping mall located in Bloomington, Minnesota."
n-toaster,Objects & Technology,Household Items,Toaster,Kitchen appliance used to brown bread with radiant heat.
n-grandfather_clock,Objects & Technology,Household Items,Grandfather Clock,"Tall, pendulum-driven floor clock encased in wood."
n-bean_bag_chair,Objects & Technology,Household Items,Bean Bag Chair,Large fabric bag filled with small polystyrene beads.
n-rotary_phone,Objects & Technology,Household Items,Rotary Phone,Old-fashioned telephone with a finger-wheel for dialing.
n-blender,Objects & Technology,Household Items,Blender,Electric kitchen tool used for liquidizing or mixing food.
n-vacuum_cleaner,Objects & Technology,Household Items,Vacuum Cleaner,Device that uses suction to remove dirt from floors.
n-umbrella,Objects & Technology,Household Items,Umbrella,Folding canopy used for protection against rain or sun.
n-sewing_machine,Objects & Technology,Household Items,Sewing Machine,Mechanical device used to stitch fabric together.
n-lawnmower,Objects & Technology,Household Items,Lawnmower,Machine used for cutting grass on a lawn.
n-flashlight,Objects & Technology,Household Items,Flashlight,Portable hand-held electric light powered by batteries.
n-mirror,Objects & Technology,Household Items,Mirror,Surface that reflects a clear image of what is before it.
n-ironing_board,Objects & Technology,Household Items,Ironing Board,Padded flat surface used for pressing clothes.
n-hammock,Objects & Technology,Household Items,Hammock,Sling made of fabric suspended between two points.
n-bookshelf,Objects & Technology,Household Items,Bookshelf,Piece of furniture with shelves for storing books.
n-teapot,Objects & Technology,Household Items,Teapot,Vessel with a lid and spout used for brewing tea.
n-microscope,Objects & Technology,Household Items,Microscope,Optical instrument used for viewing very small objects.
n-toolbox,Objects & Technology,Household Items,Toolbox,Portable container for organizing various hand tools.
n-candle,Objects & Technology,Household Items,Candle,Block of wax with a wick that provides light.
n-wind_chime,Objects & Technology,Household Items,Wind Chime,Decorative arrangement of tubes that ring in the wind.
n-refrigerator,Objects & Technology,Household Items,Refrigerator,Large cooling appliance used for preserving food.
n-high_heels,Objects & Technology,Clothing & Accessories,High Heels,Footwear that raises the wearer's heel above the toes.
n-fedora,Objects & Technology,Clothing & Accessories,Fedora,Felt hat with a wide brim and indented crown.
n-sunglasses,Objects & Technology,Clothing & Accessories,Sunglasses,Tinted eyewear used to protect eyes from sunlight.
n-tuxedo,Objects & Technology,Clothing & Accessories,Tuxedo,"Formal suit for men, worn at black-tie events."
n-bow_tie,Objects & Technology,Clothing & Accessories,Bow Tie,Type of necktie tied in a symmetrical bow shape.
n-raincoat,Objects & Technology,Clothing & Accessories,Raincoat,Waterproof garment worn to protect the body from rain.
n-flip-flops,Objects & Technology,Clothing & Accessories,Flip-Flops,Simple light sandals with a thong between the toes.
n-kimono,Objects & Technology,Clothing & Accessories,Kimono,Traditional Japanese T-shaped wrapped-front garment.
n-backpack,Objects & Technology,Clothing & Accessories,Backpack,Bag carried on the back with two shoulder straps.
n-wristwatch,Objects & Technology,Clothing & Accessories,Wristwatch,Small timepiece intended to be worn around the wrist.
n-space_suit,Objects & Technology,Clothing & Accessories,Space Suit,Complex garment worn to keep humans alive in space.
n-leather_jacket,Objects & Technology,Clothing & Accessories,Leather Jacket,Durable coat made from the tanned hide of animals.
n-tiara,Objects & Technology,Clothing & Accessories,Tiara,Jeweled ornamental crown traditionally worn by women.
n-mittens,Objects & Technology,Clothing & Accessories,Mittens,Hand coverings with a separate section for thumbs.
n-scarf,Objects & Technology,Clothing & Accessories,Scarf,Length of fabric worn around the neck for warmth.
n-cowboy_boots,Objects & Technology,Clothing & Accessories,Cowboy Boots,Riding boots with a high heel and pointed toe.
n-tutu,Objects & Technology,Clothing & Accessories,Tutu,Skirt made of many layers of tulle worn by ballerinas.
n-cape,Objects & Technology,Clothing & Accessories,Cape,Sleeveless outer garment that hangs from the neck.
n-beret,Objects & Technology,Clothing & Accessories,Beret,"Soft, round, flat-crowned hat usually made of felt."
n-sneakers,Objects & Technology,Clothing & Accessories,Sneakers,Casual shoes designed for sports or everyday exercise.
n-smartphone,Objects & Technology,Modern Gadgets,Smartphone,Mobile phone that performs functions of a computer.
n-vr_headset,Objects & Technology,Modern Gadgets,VR Headset,Device worn over eyes to provide 3D simulations.
n-drone,Objects & Technology,Modern Gadgets,Drone,Remotely piloted aircraft used for photography.
n-smartwatch,Objects & Technology,Modern Gadgets,Smartwatch,Wearable device that offers computing capabilities.
n-tablet,Objects & Technology,Modern Gadgets,Tablet,Portable computer with a touchscreen interface.
n-laptop,Objects & Technology,Modern Gadgets,Laptop,"Small, portable computer suitable for use while traveling."
n-bluetooth_speaker,Objects & Technology,Modern Gadgets,Bluetooth Speaker,Wireless audio device that connects via Bluetooth.
n-digital_camera,Objects & Technology,Modern Gadgets,Digital Camera,Device that encodes images and videos into digital files.
n-robot_vacuum,Objects & Technology,Modern Gadgets,Robot Vacuum,Autonomous device that cleans floors without help.
n-e-reader,Objects & Technology,Modern Gadgets,E-reader,Electronic device designed for reading digital books.
n-game_console,Objects & Technology,Modern Gadgets,Game Console,Computer system designed for playing video games.
n-noise-canceling_headphones,Objects & Technology,Modern Gadgets,Noise-Canceling Headphones,Audio device that reduces unwanted ambient sounds.
n-electric_scooter,Objects & Technology,Modern Gadgets,Electric Scooter,Two-wheeled vehicle powered by an electric motor.
n-3d_printer,Objects & Technology,Modern Gadgets,3D Printer,Machine that creates 3D objects from a digital file.
n-action_camera,Objects & Technology,Modern Gadgets,Action Camera,"Rugged, waterproof camera for filming sports."
n-portable_charger,Objects & Technology,Modern Gadgets,Portable Charger,External battery pack used to charge mobile devices.
n-gps_device,Objects & Technology,Modern Gadgets,GPS Device,Electronic system that provides navigation info.
n-smart_thermostat,Objects & Technology,Modern Gadgets,Smart Thermostat,Wi-Fi enabled device that controls home heating.
n-wireless_mouse,Objects & Technology,Modern Gadgets,Wireless Mouse,Computer pointing device that connects without a cable.
n-microphone,Objects & Technology,Modern Gadgets,Microphone,Instrument for converting sound into electrical energy.
n-hot_air_balloon,Objects & Technology,Transportation,Hot Air Balloon,Aircraft consisting of a bag filled with heated air.
n-submarine,Objects & Technology,Transportation,Submarine,Watercraft capable of operating under the ocean.
n-unicycle,Objects & Technology,Transportation,Unicycle,Vehicle that has only one wheel and is pedal-driven.
n-helicopter,Objects & Technology,Transportation,Helicopter,Aircraft with overhead rotors for vertical takeoff.
n-steam_engine,Objects & Technology,Transportation,Steam Engine,Engine that performs work using steam as its fluid.
n-kayak,Objects & Technology,Transportation,Kayak,Narrow watercraft propelled by a double-bladed paddle.
n-motorcycle,Objects & Technology,Transportation,Motorcycle,Two-wheeled motor vehicle with an engine.
n-space_shuttle,Objects & Technology,Transportation,Space Shuttle,Reusable spacecraft used for Earth orbit missions.
n-gondola,Objects & Technology,Transportation,Gondola,Traditional narrow flat-bottomed boat used in Venice.
n-tractor,Objects & Technology,Transportation,Tractor,Powerful motor vehicle used for pulling farm machinery.
n-bulldozer,Objects & Technology,Transportation,Bulldozer,Powerful tractor with a broad blade for moving earth.
n-skateboard,Objects & Technology,Transportation,Skateboard,Short board with wheels used for riding or tricks.
n-yacht,Objects & Technology,Transportation,Yacht,"Large, luxurious boat used for private recreation."
n-hang_glider,Objects & Technology,Transportation,Hang Glider,Non-motorized aircraft where the pilot flies in a harness.
n-segway,Objects & Technology,Transportation,Segway,"Two-wheeled, self-balancing personal transporter."
n-tandem_bicycle,Objects & Technology,Transportation,Tandem Bicycle,Bicycle designed to be ridden by two people at once.
n-cable_car,Objects & Technology,Transportation,Cable Car,Transportation system using cars pulled by a cable.
n-hovercraft,Objects & Technology,Transportation,Hovercraft,Vehicle that travels over land or water on air.
n-tugboat,Objects & Technology,Transportation,Tugboat,Powerful boat used for towing or pushing larger ships.
n-bullet_train,Objects & Technology,Transportation,Bullet Train,High-speed passenger rail with a streamlined shape.
n-rubik’s_cube,Objects & Technology,Toys & Hobbies,Rubik’s Cube,3D combination puzzle with colored faces.
n-lego_bricks,Objects & Technology,Toys & Hobbies,Lego Bricks,Plastic building blocks that can be assembled.
n-hula_hoop,Objects & Technology,Toys & Hobbies,Hula Hoop,Large plastic ring that is twirled around the waist.
n-yo-yo,Objects & Technology,Toys & Hobbies,Yo-Yo,Toy consisting of an axle connected to two disks.
n-jigsaw_puzzle,Objects & Technology,Toys & Hobbies,Jigsaw Puzzle,Tiling puzzle that requires interlocking pieces.
n-model_airplane,Objects & Technology,Toys & Hobbies,Model Airplane,Small-scale representation of a real aircraft.
n-chessboard,Objects & Technology,Toys & Hobbies,Chessboard,Square board with sixty-four alternating squares.
n-playing_cards,Objects & Technology,Toys & Hobbies,Playing Cards,Set of rectangular cards used for various games.
n-teddy_bear,Objects & Technology,Toys & Hobbies,Teddy Bear,Soft toy animal typically shaped like a bear.
n-slime,Objects & Technology,Toys & Hobbies,Slime,"Gooey, non-Newtonian fluid used as a sensory toy."
n-frisbee,Objects & Technology,Toys & Hobbies,Frisbee,Gliding toy or sporting item that is thrown.
n-jump_rope,Objects & Technology,Toys & Hobbies,Jump Rope,Length of rope used for skipping over as a workout.
n-etch_a_sketch,Objects & Technology,Toys & Hobbies,Etch A Sketch,Mechanical drawing toy with two control knobs.
n-slinky,Objects & Technology,Toys & Hobbies,Slinky,"Helical spring toy that can ""walk"" down stairs."
n-action_figure,Objects & Technology,Toys & Hobbies,Action Figure,Posable character figurine based on movies or comics.
n-dollhouse,Objects & Technology,Toys & Hobbies,Dollhouse,Toy home made in miniature for dolls to live in.
n-marbles,Objects & Technology,Toys & Hobbies,Marbles,Small spherical toys made of glass or stone.
n-origami,Objects & Technology,Toys & Hobbies,Origami,Japanese art of folding paper into decorative shapes.
n-binoculars,Objects & Technology,Toys & Hobbies,Binoculars,Optical instrument for magnified views of distant objects.
n-deck_of_cards,Objects & Technology,Toys & Hobbies,Deck of Cards,A standard set of 52 playing cards.
n-african_elephant,Concepts & Extras,Animals (Wild),African Elephant,"The largest living land animal, known for its tusks."
n-great_white_shark,Concepts & Extras,Animals (Wild),Great White Shark,A large predatory fish famous for its powerful jaws.
n-bald_eagle,Concepts & Extras,Animals (Wild),Bald Eagle,A bird of prey that is the national symbol of the USA.
n-platypus,Concepts & Extras,Animals (Wild),Platypus,A unique egg-laying mammal with a duck-like bill.
n-komodo_dragon,Concepts & Extras,Animals (Wild),Komodo Dragon,"The largest living species of lizard, found in Indonesia."
n-penguin,Concepts & Extras,Animals (Wild),Penguin,A flightless sea bird that lives primarily in the Southern Hemisphere.
n-sloth,Concepts & Extras,Animals (Wild),Sloth,A slow-moving tropical mammal that lives in trees.
n-tiger,Concepts & Extras,Animals (Wild),Tiger,A large cat species with dark vertical stripes on orange fur.
n-kangaroo,Concepts & Extras,Animals (Wild),Kangaroo,A large marsupial from Australia that moves by hopping.
n-gorilla,Concepts & Extras,Animals (Wild),Gorilla,"The largest living primate, native to the forests of Africa."
n-blue_whale,Concepts & Extras,Animals (Wild),Blue Whale,The largest animal known to have ever existed.
n-polar_bear,Concepts & Extras,Animals (Wild),Polar Bear,A large white bear that lives in the Arctic Circle.
n-chameleon,Concepts & Extras,Animals (Wild),Chameleon,A lizard known for its ability to change skin color.
n-jellyfish,Concepts & Extras,Animals (Wild),Jellyfish,A gelatinous sea creature with stinging tentacles.
n-giraffe,Concepts & Extras,Animals (Wild),Giraffe,"The tallest living terrestrial animal, known for its long neck."
n-wolf,Concepts & Extras,Animals (Wild),Wolf,A wild carnivorous mammal that is the ancestor of the dog.
n-meerkat,Concepts & Extras,Animals (Wild),Meerkat,A small mongoose that lives in social groups in Africa.
n-octopus,Concepts & Extras,Animals (Wild),Octopus,A sea creature with eight arms and a highly developed brain.
n-zebra,Concepts & Extras,Animals (Wild),Zebra,An African wild horse with distinctive black-and-white stripes.
n-owl,Concepts & Extras,Animals (Wild),Owl,A nocturnal bird of prey with large eyes and silent flight.
n-golden_retriever,Concepts & Extras,Animals (Domestic/Small),Golden Retriever,A popular breed of dog known for its friendly nature.
n-siamese_cat,Concepts & Extras,Animals (Domestic/Small),Siamese Cat,A distinctive breed of cat with blue eyes and point coloration.
n-hamster,Concepts & Extras,Animals (Domestic/Small),Hamster,A small rodent often kept as a household pet.
n-goldfish,Concepts & Extras,Animals (Domestic/Small),Goldfish,A small reddish-golden carp frequently kept in aquariums.
n-hedgehog,Concepts & Extras,Animals (Domestic/Small),Hedgehog,A small mammal covered in sharp spines for protection.
n-parakeet,Concepts & Extras,Animals (Domestic/Small),Parakeet,A small parrot often kept in a cage as a pet.
n-alpaca,Concepts & Extras,Animals (Domestic/Small),Alpaca,A domesticated South American camelid known for its wool.
n-pot-bellied_pig,Concepts & Extras,Animals (Domestic/Small),Pot-bellied Pig,A small breed of pig often kept as an exotic pet.
n-ferret,Concepts & Extras,Animals (Domestic/Small),Ferret,"A small, slender domesticated mammal in the weasel family."
n-hermit_crab,Concepts & Extras,Animals (Domestic/Small),Hermit Crab,A crustacean that lives in scavenged snail shells.
n-guinea_pig,Concepts & Extras,Animals (Domestic/Small),Guinea Pig,A small species of rodent commonly kept as a pet.
n-rabbit,Concepts & Extras,Animals (Domestic/Small),Rabbit,A small burrowing mammal with long ears and a short tail.
n-pony,Concepts & Extras,Animals (Domestic/Small),Pony,"A small type of horse, usually under 14.2 hands high."
n-goat,Concepts & Extras,Animals (Domestic/Small),Goat,A hardy domesticated mammal often raised for milk and wool.
n-chicken,Concepts & Extras,Animals (Domestic/Small),Chicken,A common domestic bird raised for its eggs and meat.
n-honeybee,Concepts & Extras,Animals (Domestic/Small),Honeybee,An insect that lives in hives and produces wax and honey.
n-ladybug,Concepts & Extras,Animals (Domestic/Small),Ladybug,"A small, colorful beetle typically red with black spots."
n-firefly,Concepts & Extras,Animals (Domestic/Small),Firefly,A beetle that produces light from its abdomen at night.
n-butterfly,Concepts & Extras,Animals (Domestic/Small),Butterfly,"An insect with large, often colorful wings and a slender body."
n-snail,Concepts & Extras,Animals (Domestic/Small),Snail,A mollusk with a coiled shell into which it can retract.
n-true_love,Concepts & Extras,Abstract Concepts,True Love,A profound and passionate affection for another person.
n-world_peace,Concepts & Extras,Abstract Concepts,World Peace,An ideal state of freedom and happiness among all nations.
n-chaos,Concepts & Extras,Abstract Concepts,Chaos,A state of utter confusion or disorder.
n-freedom,Concepts & Extras,Abstract Concepts,Freedom,"The power or right to act, speak, or think freely."
n-justice,Concepts & Extras,Abstract Concepts,Justice,The quality of being fair and reasonable.
n-curiosity,Concepts & Extras,Abstract Concepts,Curiosity,A strong desire to know or learn something.
n-luck,Concepts & Extras,Abstract Concepts,Luck,Success or failure apparently brought by chance rather than actions.
n-wisdom,Concepts & Extras,Abstract Concepts,Wisdom,"The quality of having experience, knowledge, and good judgment."
n-silence,Concepts & Extras,Abstract Concepts,Silence,The complete absence of sound.
n-greed,Concepts & Extras,Abstract Concepts,Greed,Intense and selfish desire for wealth or power.
n-courage,Concepts & Extras,Abstract Concepts,Courage,The ability to do something that frightens one.
n-nostalgia,Concepts & Extras,Abstract Concepts,Nostalgia,A sentimental longing for the past.
n-imagination,Concepts & Extras,Abstract Concepts,Imagination,The faculty of forming new ideas or images in the mind.
n-honesty,Concepts & Extras,Abstract Concepts,Honesty,The quality of being truthful and sincere.
n-success,Concepts & Extras,Abstract Concepts,Success,The accomplishment of an aim or purpose.
n-jealousy,Concepts & Extras,Abstract Concepts,Jealousy,The state of being resentful of someone's advantages.
n-harmony,Concepts & Extras,Abstract Concepts,Harmony,The quality of forming a pleasing and consistent whole.
n-hope,Concepts & Extras,Abstract Concepts,Hope,A feeling of expectation and desire for a certain thing.
n-ambition,Concepts & Extras,Abstract Concepts,Ambition,A strong desire to do or achieve something.
n-humility,Concepts & Extras,Abstract Concepts,Humility,A modest or low view of one's own importance.
n-halloween,Concepts & Extras,Events & Holidays,Halloween,A holiday on October 31st involving costumes and candy.
n-super_bowl,Concepts & Extras,Events & Holidays,Super Bowl,The annual championship game of the NFL.
n-graduation,Concepts & Extras,Events & Holidays,Graduation,The receiving of an academic degree or diploma.
n-birthday_party,Concepts & Extras,Events & Holidays,Birthday Party,A celebration of the anniversary of someone's birth.
n-wedding,Concepts & Extras,Events & Holidays,Wedding,"A marriage ceremony, typically with a reception."
n-new_year’s_eve,Concepts & Extras,Events & Holidays,New Year’s Eve,"The last day of the year, often celebrated with parties."
n-summer_vacation,Concepts & Extras,Events & Holidays,Summer Vacation,A long break from school or work during the summer.
n-thanksgiving,Concepts & Extras,Events & Holidays,Thanksgiving,A North American holiday for expressing gratitude.
n-olympics,Concepts & Extras,Events & Holidays,Olympics,A major international sporting event held every four years.
n-moon_landing,Concepts & Extras,Events & Holidays,Moon Landing,The arrival of a spacecraft on the surface of the moon.
n-mardi_gras,Concepts & Extras,Events & Holidays,Mardi Gras,A carnival held on Shrove Tuesday with parades and masks.
n-carnival,Concepts & Extras,Events & Holidays,Carnival,A traveling amusement show or a festive public period.
n-music_festival,Concepts & Extras,Events & Holidays,Music Festival,A series of performances by various musicians over several days.
n-family_reunion,Concepts & Extras,Events & Holidays,Family Reunion,A gathering of extended family members.
n-road_trip,Concepts & Extras,Events & Holidays,Road Trip,A long journey made by car.
n-prom,Concepts & Extras,Events & Holidays,Prom,A formal dance held for high school students.
n-christmas,Concepts & Extras,Events & Holidays,Christmas,A holiday celebrating the birth of Jesus Christ.
n-st._patrick’s_day,Concepts & Extras,Events & Holidays,St. Patrick’s Day,A cultural and religious holiday celebrated on March 17th.
n-earth_day,Concepts & Extras,Events & Holidays,Earth Day,An annual event to support environmental protection.
n-duct_tape,Concepts & Extras,"The ""Random"" Pile",Duct Tape,"Strong, cloth-backed, waterproof adhesive tape."
n-a_rusty_nail,Concepts & Extras,"The ""Random"" Pile",A Rusty Nail,A piece of metal used for fastening that has oxidized.
n-bubble_wrap,Concepts & Extras,"The ""Random"" Pile",Bubble Wrap,Plastic packaging material consisting of small air-filled bubbles.
n-freshly_cut_grass,Concepts & Extras,"The ""Random"" Pile",Freshly Cut Grass,The scent or sight of a recently mowed lawn.
n-a_secret_message,Concepts & Extras,"The ""Random"" Pile",A Secret Message,Information intended to be understood only by few.
n-static_electricity,Concepts & Extras,"The ""Random"" Pile",Static Electricity,A stationary electric charge built up on an object.
n-a_magic_trick,Concepts & Extras,"The ""Random"" Pile",A Magic Trick,An entertainment act that seems impossible.
n-fog,Concepts & Extras,"The ""Random"" Pile",Fog,A thick cloud of tiny water droplets suspended near Earth.
n-morning_dew,Concepts & Extras,"The ""Random"" Pile",Morning Dew,Tiny drops of water that form on cool surfaces overnight.
n-a_lost_sock,Concepts & Extras,"The ""Random"" Pile",A Lost Sock,A single piece of footwear missing its pair.
n-junk_mail,Concepts & Extras,"The ""Random"" Pile",Junk Mail,Unsolicited advertising sent through the post.
n-sandpaper,Concepts & Extras,"The ""Random"" Pile",Sandpaper,Paper with an abrasive surface used for smoothing wood.
n-a_new_car_smell,Concepts & Extras,"The ""Random"" Pile",A New Car Smell,The unique scent of a brand-new vehicle.
n-broken_glass,Concepts & Extras,"The ""Random"" Pile",Broken Glass,Sharp fragments from a shattered transparent material.
n-glitter,Concepts & Extras,"The ""Random"" Pile",Glitter,"Tiny, shimmering pieces of material used for decoration."
n-a_fortune_cookie,Concepts & Extras,"The ""Random"" Pile",A Fortune Cookie,A crisp cookie containing a paper with a prediction.
n-quicksand,Concepts & Extras,"The ""Random"" Pile",Quicksand,Loose wet sand that yields easily to pressure.
n-a_hidden_trapdoor,Concepts & Extras,"The ""Random"" Pile",A Hidden Trapdoor,A secret door flush with the floor or ceiling.
n-mud,Concepts & Extras,"The ""Random"" Pile",Mud,"Soft, sticky matter resulting from mixing earth and water."
n-lint,Concepts & Extras,"The ""Random"" Pile",Lint,Tiny bits of fabric and fiber found on clothing.
